parcel_id,property_id,slr_m,storm,scenario,depth_m,duration_hr,flooded,source
8,d619cea82bb12f088e086e781113f17f,0,100-yr,SLR=0.0m | 100-yr,0.13,4.465486526489258,FALSE,CoSMoS
9,4fadfb3c3591c1ad79a801cfa01370d6,0,100-yr,SLR=0.0m | 100-yr,0.13,4.465486526489258,FALSE,CoSMoS
12,f406818da8ebe8fcc4e58cae36781bf7,0,100-yr,SLR=0.0m | 100-yr,0.02,3.7954721450805664,FALSE,CoSMoS
14,0f956c6f09175e6f22794d56a759228a,0,100-yr,SLR=0.0m | 100-yr,0.4,3.8971481323242188,TRUE,CoSMoS
16,a24ca6112f4bac3344317057b836aa82,0,100-yr,SLR=0.0m | 100-yr,0.13,4.465486526489258,FALSE,CoSMoS
18,71471ead165734f3c23829d2bfd89b19,0,100-yr,SLR=0.0m | 100-yr,0.13,4.465486526489258,FALSE,CoSMoS
19,fbed1d520e167857fcfba3028ae17d6e,0,100-yr,SLR=0.0m | 100-yr,0.04,4.141206741333008,FALSE,CoSMoS
20,521d913398ccc88ae5ef7b7f1e9f7cfd,0,100-yr,SLR=0.0m | 100-yr,0.13,4.465486526489258,FALSE,CoSMoS
21,7df87557da5a77296076ccb323bd5592,0,100-yr,SLR=0.0m | 100-yr,0.06,7.282102108001709,FALSE,CoSMoS
22,9187a1f1d8484ebe2254d1c53ab43503,0,100-yr,SLR=0.0m | 100-yr,0.13,4.465486526489258,FALSE,CoSMoS
26,39a7d437e8e27b45576cf29f6e28a33d,0,100-yr,SLR=0.0m | 100-yr,0.13,4.465486526489258,FALSE,CoSMoS
27,9c30fbdf740c818d20ede323c68ed454,0,100-yr,SLR=0.0m | 100-yr,1.1,4.549665927886963,TRUE,CoSMoS
32,b1abab57126ed2a9a88d737984c69b54,0,100-yr,SLR=0.0m | 100-yr,0.13,4.465486526489258,FALSE,CoSMoS
38,6596a6ce95accc5a22d77a6eb1b0e396,0,100-yr,SLR=0.0m | 100-yr,0.19,3.698154926300049,TRUE,CoSMoS
77,4ca0c29f2b81ba4765ed75f5ea1f4463,0,100-yr,SLR=0.0m | 100-yr,0.2,14.433332443237305,TRUE,CoSMoS
83,e313959d66f6c9b225346c79eefd5ead,0,100-yr,SLR=0.0m | 100-yr,0.08,7.6125006675720215,FALSE,CoSMoS
98,15a54683d8a643d8f5cc47a2d8c7e936,0,100-yr,SLR=0.0m | 100-yr,0.19,3.863023519515991,TRUE,CoSMoS
99,56520faaa42881bdc6a324b7a5e2502f,0,100-yr,SLR=0.0m | 100-yr,0.33,3.9318110942840576,TRUE,CoSMoS
101,7154de47f0001ba146ad1ae5a62ee863,0,100-yr,SLR=0.0m | 100-yr,0.65,4.771275520324707,TRUE,CoSMoS
102,0d7b8f794fa3082a7c03026dec856247,0,100-yr,SLR=0.0m | 100-yr,0.65,4.771275520324707,TRUE,CoSMoS
103,6e0abbe95021795de4e36b121e68a5da,0,100-yr,SLR=0.0m | 100-yr,0.25,3.6049675941467285,TRUE,CoSMoS
104,d2b603896c62fe2a05a5fd2b2856fc67,0,100-yr,SLR=0.0m | 100-yr,0.26,3.8759100437164307,TRUE,CoSMoS
105,ae410f3f37648dc35b771f5aab1e56d4,0,100-yr,SLR=0.0m | 100-yr,0.86,3.5503079891204834,TRUE,CoSMoS
106,73954a6c37f948edfa2617a91452cf8d,0,100-yr,SLR=0.0m | 100-yr,0.51,4.179905414581299,TRUE,CoSMoS
107,1ff31dc4768a9158d9473f7ded2e923a,0,100-yr,SLR=0.0m | 100-yr,0.2,3.618335723876953,TRUE,CoSMoS
108,a084010d87e39dd79f2dabdd6931549a,0,100-yr,SLR=0.0m | 100-yr,0.36,5.193297386169434,TRUE,CoSMoS
109,330d0a0121adcdb385166b1fa14e3cec,0,100-yr,SLR=0.0m | 100-yr,0.17,5.699163913726807,TRUE,CoSMoS
110,104937a524980ecc2f672d7a542309ce,0,100-yr,SLR=0.0m | 100-yr,0.09,7.183089256286621,FALSE,CoSMoS
3,10e5c14b3b247bc4b07bb5b8fe680915,0.25,100-yr,SLR=0.2m | 100-yr,0.17,8.055525779724121,TRUE,CoSMoS
7,41677f225fa7418f32714a2a094c1244,0.25,100-yr,SLR=0.2m | 100-yr,0.17,8.055525779724121,TRUE,CoSMoS
14,0f956c6f09175e6f22794d56a759228a,0.25,100-yr,SLR=0.2m | 100-yr,0.04,1.7978030443191528,FALSE,CoSMoS
21,7df87557da5a77296076ccb323bd5592,0.25,100-yr,SLR=0.2m | 100-yr,0.36,8.188736915588379,TRUE,CoSMoS
27,9c30fbdf740c818d20ede323c68ed454,0.25,100-yr,SLR=0.2m | 100-yr,1.03,4.4336700439453125,TRUE,CoSMoS
30,f1685fa53e41991840a9cff8105898a0,0.25,100-yr,SLR=0.2m | 100-yr,0.17,8.055525779724121,TRUE,CoSMoS
31,bc49f4578caf3d4c87244cc6fc1432ac,0.25,100-yr,SLR=0.2m | 100-yr,0.17,8.055525779724121,TRUE,CoSMoS
34,43cf192f76f781c71d1f0a86691b4b36,0.25,100-yr,SLR=0.2m | 100-yr,0.17,8.055525779724121,TRUE,CoSMoS
76,16e7c6a3126e8054624d86ca0fffa966,0.25,100-yr,SLR=0.2m | 100-yr,0.18,13.442732810974121,TRUE,CoSMoS
77,4ca0c29f2b81ba4765ed75f5ea1f4463,0.25,100-yr,SLR=0.2m | 100-yr,0.79,13.905245780944824,TRUE,CoSMoS
81,1e63e1365446d4a9a3a49fb69ae6a743,0.25,100-yr,SLR=0.2m | 100-yr,0.03,4.134500980377197,FALSE,CoSMoS
83,e313959d66f6c9b225346c79eefd5ead,0.25,100-yr,SLR=0.2m | 100-yr,0.13,7.50985050201416,FALSE,CoSMoS
99,56520faaa42881bdc6a324b7a5e2502f,0.25,100-yr,SLR=0.2m | 100-yr,0.14,4.542489528656006,FALSE,CoSMoS
101,7154de47f0001ba146ad1ae5a62ee863,0.25,100-yr,SLR=0.2m | 100-yr,0.59,5.437198638916016,TRUE,CoSMoS
102,0d7b8f794fa3082a7c03026dec856247,0.25,100-yr,SLR=0.2m | 100-yr,0.59,5.437198638916016,TRUE,CoSMoS
105,ae410f3f37648dc35b771f5aab1e56d4,0.25,100-yr,SLR=0.2m | 100-yr,0.52,1.7975685596466064,TRUE,CoSMoS
106,73954a6c37f948edfa2617a91452cf8d,0.25,100-yr,SLR=0.2m | 100-yr,0.35,3.8778748512268066,TRUE,CoSMoS
108,a084010d87e39dd79f2dabdd6931549a,0.25,100-yr,SLR=0.2m | 100-yr,0.25,5.43583345413208,TRUE,CoSMoS
109,330d0a0121adcdb385166b1fa14e3cec,0.25,100-yr,SLR=0.2m | 100-yr,0.16,6.536723613739014,TRUE,CoSMoS
110,104937a524980ecc2f672d7a542309ce,0.25,100-yr,SLR=0.2m | 100-yr,0.37,8.025915145874023,TRUE,CoSMoS
3,10e5c14b3b247bc4b07bb5b8fe680915,0.5,100-yr,SLR=0.5m | 100-yr,0.07,8.055525779724121,FALSE,CoSMoS
7,41677f225fa7418f32714a2a094c1244,0.5,100-yr,SLR=0.5m | 100-yr,0.07,8.055525779724121,FALSE,CoSMoS
14,0f956c6f09175e6f22794d56a759228a,0.5,100-yr,SLR=0.5m | 100-yr,0.04,1.7978030443191528,FALSE,CoSMoS
21,7df87557da5a77296076ccb323bd5592,0.5,100-yr,SLR=0.5m | 100-yr,0.17,8.188736915588379,TRUE,CoSMoS
27,9c30fbdf740c818d20ede323c68ed454,0.5,100-yr,SLR=0.5m | 100-yr,0.92,4.4336700439453125,TRUE,CoSMoS
30,f1685fa53e41991840a9cff8105898a0,0.5,100-yr,SLR=0.5m | 100-yr,0.07,8.055525779724121,FALSE,CoSMoS
31,bc49f4578caf3d4c87244cc6fc1432ac,0.5,100-yr,SLR=0.5m | 100-yr,0.07,8.055525779724121,FALSE,CoSMoS
34,43cf192f76f781c71d1f0a86691b4b36,0.5,100-yr,SLR=0.5m | 100-yr,0.07,8.055525779724121,FALSE,CoSMoS
76,16e7c6a3126e8054624d86ca0fffa966,0.5,100-yr,SLR=0.5m | 100-yr,0.33,13.442732810974121,TRUE,CoSMoS
77,4ca0c29f2b81ba4765ed75f5ea1f4463,0.5,100-yr,SLR=0.5m | 100-yr,0.94,13.905245780944824,TRUE,CoSMoS
81,1e63e1365446d4a9a3a49fb69ae6a743,0.5,100-yr,SLR=0.5m | 100-yr,0.22,4.134500980377197,TRUE,CoSMoS
82,ec9891763c8b3865fe1cb0aef7d8808e,0.5,100-yr,SLR=0.5m | 100-yr,0.16,6.161003589630127,TRUE,CoSMoS
83,e313959d66f6c9b225346c79eefd5ead,0.5,100-yr,SLR=0.5m | 100-yr,0.24,7.50985050201416,TRUE,CoSMoS
93,bbf6fc2a9aec00a3780ed5c5d4db6759,0.5,100-yr,SLR=0.5m | 100-yr,0.01,7.695159435272217,FALSE,CoSMoS
98,15a54683d8a643d8f5cc47a2d8c7e936,0.5,100-yr,SLR=0.5m | 100-yr,0.08,4.432604789733887,FALSE,CoSMoS
99,56520faaa42881bdc6a324b7a5e2502f,0.5,100-yr,SLR=0.5m | 100-yr,0.22,4.542489528656006,TRUE,CoSMoS
101,7154de47f0001ba146ad1ae5a62ee863,0.5,100-yr,SLR=0.5m | 100-yr,0.53,5.437198638916016,TRUE,CoSMoS
102,0d7b8f794fa3082a7c03026dec856247,0.5,100-yr,SLR=0.5m | 100-yr,0.53,5.437198638916016,TRUE,CoSMoS
103,6e0abbe95021795de4e36b121e68a5da,0.5,100-yr,SLR=0.5m | 100-yr,0.01,2.724531888961792,FALSE,CoSMoS
105,ae410f3f37648dc35b771f5aab1e56d4,0.5,100-yr,SLR=0.5m | 100-yr,0.52,1.7975685596466064,TRUE,CoSMoS
106,73954a6c37f948edfa2617a91452cf8d,0.5,100-yr,SLR=0.5m | 100-yr,0.29,3.8778748512268066,TRUE,CoSMoS
108,a084010d87e39dd79f2dabdd6931549a,0.5,100-yr,SLR=0.5m | 100-yr,0.21,5.43583345413208,TRUE,CoSMoS
109,330d0a0121adcdb385166b1fa14e3cec,0.5,100-yr,SLR=0.5m | 100-yr,0.11,6.536723613739014,FALSE,CoSMoS
110,104937a524980ecc2f672d7a542309ce,0.5,100-yr,SLR=0.5m | 100-yr,0.18,8.025915145874023,TRUE,CoSMoS
2,869b893718c34c2377679564cd7cd705,0.75,100-yr,SLR=0.8m | 100-yr,0.04,9.378973960876465,FALSE,CoSMoS
3,10e5c14b3b247bc4b07bb5b8fe680915,0.75,100-yr,SLR=0.8m | 100-yr,0.3,8.482233047485352,TRUE,CoSMoS
7,41677f225fa7418f32714a2a094c1244,0.75,100-yr,SLR=0.8m | 100-yr,0.3,8.482233047485352,TRUE,CoSMoS
8,d619cea82bb12f088e086e781113f17f,0.75,100-yr,SLR=0.8m | 100-yr,0.07,5.91995906829834,FALSE,CoSMoS
9,4fadfb3c3591c1ad79a801cfa01370d6,0.75,100-yr,SLR=0.8m | 100-yr,0.07,5.91995906829834,FALSE,CoSMoS
14,0f956c6f09175e6f22794d56a759228a,0.75,100-yr,SLR=0.8m | 100-yr,0.12,4.783808708190918,FALSE,CoSMoS
16,a24ca6112f4bac3344317057b836aa82,0.75,100-yr,SLR=0.8m | 100-yr,0.07,5.91995906829834,FALSE,CoSMoS
18,71471ead165734f3c23829d2bfd89b19,0.75,100-yr,SLR=0.8m | 100-yr,0.07,5.91995906829834,FALSE,CoSMoS
20,521d913398ccc88ae5ef7b7f1e9f7cfd,0.75,100-yr,SLR=0.8m | 100-yr,0.07,5.91995906829834,FALSE,CoSMoS
21,7df87557da5a77296076ccb323bd5592,0.75,100-yr,SLR=0.8m | 100-yr,0.45,10.232356071472168,TRUE,CoSMoS
22,9187a1f1d8484ebe2254d1c53ab43503,0.75,100-yr,SLR=0.8m | 100-yr,0.07,5.91995906829834,FALSE,CoSMoS
26,39a7d437e8e27b45576cf29f6e28a33d,0.75,100-yr,SLR=0.8m | 100-yr,0.07,5.91995906829834,FALSE,CoSMoS
27,9c30fbdf740c818d20ede323c68ed454,0.75,100-yr,SLR=0.8m | 100-yr,1.08,6.536561489105225,TRUE,CoSMoS
28,a73075107dd3cb34000ee4708056cb3f,0.75,100-yr,SLR=0.8m | 100-yr,0.01,9.590363502502441,FALSE,CoSMoS
30,f1685fa53e41991840a9cff8105898a0,0.75,100-yr,SLR=0.8m | 100-yr,0.3,8.482233047485352,TRUE,CoSMoS
31,bc49f4578caf3d4c87244cc6fc1432ac,0.75,100-yr,SLR=0.8m | 100-yr,0.3,8.482233047485352,TRUE,CoSMoS
32,b1abab57126ed2a9a88d737984c69b54,0.75,100-yr,SLR=0.8m | 100-yr,0.07,5.91995906829834,FALSE,CoSMoS
34,43cf192f76f781c71d1f0a86691b4b36,0.75,100-yr,SLR=0.8m | 100-yr,0.3,8.482233047485352,TRUE,CoSMoS
49,75a17d216fabd33638ad4d4b11287948,0.75,100-yr,SLR=0.8m | 100-yr,0.04,10.131454467773438,FALSE,CoSMoS
54,1b6278ab5c2822e50d92a662a920f9cd,0.75,100-yr,SLR=0.8m | 100-yr,0.05,7.793793201446533,FALSE,CoSMoS
58,c37bb3af3bc962b23be05ede85a95227,0.75,100-yr,SLR=0.8m | 100-yr,0.13,9.941828727722168,FALSE,CoSMoS
61,671f697ca683fcd3dfef97963abd2555,0.75,100-yr,SLR=0.8m | 100-yr,0.08,9.990487098693848,FALSE,CoSMoS
68,5dcd72919d0d813104e7c51b3d4f6aec,0.75,100-yr,SLR=0.8m | 100-yr,0.28,5.805622577667236,TRUE,CoSMoS
76,16e7c6a3126e8054624d86ca0fffa966,0.75,100-yr,SLR=0.8m | 100-yr,0.46,14.556485176086426,TRUE,CoSMoS
77,4ca0c29f2b81ba4765ed75f5ea1f4463,0.75,100-yr,SLR=0.8m | 100-yr,1.05,15.330376625061035,TRUE,CoSMoS
81,1e63e1365446d4a9a3a49fb69ae6a743,0.75,100-yr,SLR=0.8m | 100-yr,0.4,7.110973358154297,TRUE,CoSMoS
82,ec9891763c8b3865fe1cb0aef7d8808e,0.75,100-yr,SLR=0.8m | 100-yr,0.33,8.666813850402832,TRUE,CoSMoS
83,e313959d66f6c9b225346c79eefd5ead,0.75,100-yr,SLR=0.8m | 100-yr,0.41,10.147171974182129,TRUE,CoSMoS
89,b60fd96b598ea779713dadd50eec1981,0.75,100-yr,SLR=0.8m | 100-yr,0.08,7.225553035736084,FALSE,CoSMoS
93,bbf6fc2a9aec00a3780ed5c5d4db6759,0.75,100-yr,SLR=0.8m | 100-yr,0.14,9.656318664550781,FALSE,CoSMoS
94,5a3be30199394130a88d0b5148f0f24c,0.75,100-yr,SLR=0.8m | 100-yr,0.07,10.210179328918457,FALSE,CoSMoS
95,1481d2cba83d67f62612ec6043fe47b3,0.75,100-yr,SLR=0.8m | 100-yr,0.04,10.583447456359863,FALSE,CoSMoS
98,15a54683d8a643d8f5cc47a2d8c7e936,0.75,100-yr,SLR=0.8m | 100-yr,0.14,5.558568000793457,FALSE,CoSMoS
99,56520faaa42881bdc6a324b7a5e2502f,0.75,100-yr,SLR=0.8m | 100-yr,0.28,5.576551914215088,TRUE,CoSMoS
101,7154de47f0001ba146ad1ae5a62ee863,0.75,100-yr,SLR=0.8m | 100-yr,0.66,6.271835803985596,TRUE,CoSMoS
102,0d7b8f794fa3082a7c03026dec856247,0.75,100-yr,SLR=0.8m | 100-yr,0.66,6.271835803985596,TRUE,CoSMoS
103,6e0abbe95021795de4e36b121e68a5da,0.75,100-yr,SLR=0.8m | 100-yr,0.07,4.676714897155762,FALSE,CoSMoS
105,ae410f3f37648dc35b771f5aab1e56d4,0.75,100-yr,SLR=0.8m | 100-yr,0.61,4.390081882476807,TRUE,CoSMoS
106,73954a6c37f948edfa2617a91452cf8d,0.75,100-yr,SLR=0.8m | 100-yr,0.41,5.885205268859863,TRUE,CoSMoS
107,1ff31dc4768a9158d9473f7ded2e923a,0.75,100-yr,SLR=0.8m | 100-yr,0.05,4.9431023597717285,FALSE,CoSMoS
108,a084010d87e39dd79f2dabdd6931549a,0.75,100-yr,SLR=0.8m | 100-yr,0.33,7.38688850402832,TRUE,CoSMoS
109,330d0a0121adcdb385166b1fa14e3cec,0.75,100-yr,SLR=0.8m | 100-yr,0.26,8.430047035217285,TRUE,CoSMoS
110,104937a524980ecc2f672d7a542309ce,0.75,100-yr,SLR=0.8m | 100-yr,0.45,10.11299991607666,TRUE,CoSMoS
2,869b893718c34c2377679564cd7cd705,1,100-yr,SLR=1.0m | 100-yr,0.12,9.378973960876465,FALSE,CoSMoS
3,10e5c14b3b247bc4b07bb5b8fe680915,1,100-yr,SLR=1.0m | 100-yr,0.37,8.482233047485352,TRUE,CoSMoS
4,df5793d00b3dee7bc5de79f3adaa9fcb,1,100-yr,SLR=1.0m | 100-yr,0.01,7.479930877685547,FALSE,CoSMoS
7,41677f225fa7418f32714a2a094c1244,1,100-yr,SLR=1.0m | 100-yr,0.37,8.482233047485352,TRUE,CoSMoS
8,d619cea82bb12f088e086e781113f17f,1,100-yr,SLR=1.0m | 100-yr,0.18,5.91995906829834,TRUE,CoSMoS
9,4fadfb3c3591c1ad79a801cfa01370d6,1,100-yr,SLR=1.0m | 100-yr,0.18,5.91995906829834,TRUE,CoSMoS
14,0f956c6f09175e6f22794d56a759228a,1,100-yr,SLR=1.0m | 100-yr,0.2,4.783808708190918,TRUE,CoSMoS
16,a24ca6112f4bac3344317057b836aa82,1,100-yr,SLR=1.0m | 100-yr,0.18,5.91995906829834,TRUE,CoSMoS
17,891d7a19c8866d6a7f26c765b8ffa62e,1,100-yr,SLR=1.0m | 100-yr,0.01,9.744956970214844,FALSE,CoSMoS
18,71471ead165734f3c23829d2bfd89b19,1,100-yr,SLR=1.0m | 100-yr,0.18,5.91995906829834,TRUE,CoSMoS
19,fbed1d520e167857fcfba3028ae17d6e,1,100-yr,SLR=1.0m | 100-yr,0.07,5.617352485656738,FALSE,CoSMoS
20,521d913398ccc88ae5ef7b7f1e9f7cfd,1,100-yr,SLR=1.0m | 100-yr,0.18,5.91995906829834,TRUE,CoSMoS
21,7df87557da5a77296076ccb323bd5592,1,100-yr,SLR=1.0m | 100-yr,0.47,10.232356071472168,TRUE,CoSMoS
22,9187a1f1d8484ebe2254d1c53ab43503,1,100-yr,SLR=1.0m | 100-yr,0.18,5.91995906829834,TRUE,CoSMoS
26,39a7d437e8e27b45576cf29f6e28a33d,1,100-yr,SLR=1.0m | 100-yr,0.18,5.91995906829834,TRUE,CoSMoS
27,9c30fbdf740c818d20ede323c68ed454,1,100-yr,SLR=1.0m | 100-yr,1.12,6.536561489105225,TRUE,CoSMoS
28,a73075107dd3cb34000ee4708056cb3f,1,100-yr,SLR=1.0m | 100-yr,0.29,9.590363502502441,TRUE,CoSMoS
30,f1685fa53e41991840a9cff8105898a0,1,100-yr,SLR=1.0m | 100-yr,0.37,8.482233047485352,TRUE,CoSMoS
31,bc49f4578caf3d4c87244cc6fc1432ac,1,100-yr,SLR=1.0m | 100-yr,0.37,8.482233047485352,TRUE,CoSMoS
32,b1abab57126ed2a9a88d737984c69b54,1,100-yr,SLR=1.0m | 100-yr,0.18,5.91995906829834,TRUE,CoSMoS
33,4c16214b63d783b88e1d00cc5aeeeedb,1,100-yr,SLR=1.0m | 100-yr,0.02,5.293235778808594,FALSE,CoSMoS
34,43cf192f76f781c71d1f0a86691b4b36,1,100-yr,SLR=1.0m | 100-yr,0.37,8.482233047485352,TRUE,CoSMoS
38,6596a6ce95accc5a22d77a6eb1b0e396,1,100-yr,SLR=1.0m | 100-yr,0.08,4.570392608642578,FALSE,CoSMoS
42,073c60cc505c2d828817dfd84c52846e,1,100-yr,SLR=1.0m | 100-yr,0.04,3.982991933822632,FALSE,CoSMoS
46,5fa404df6aa8eb519c17c3ef9b2f8641,1,100-yr,SLR=1.0m | 100-yr,0.1,7.904141426086426,FALSE,CoSMoS
49,75a17d216fabd33638ad4d4b11287948,1,100-yr,SLR=1.0m | 100-yr,0.41,10.131454467773438,TRUE,CoSMoS
50,9a075e84b4a27045bbf8e7d7f5ebdbc2,1,100-yr,SLR=1.0m | 100-yr,0.2,10.589908599853516,TRUE,CoSMoS
51,30e4d3cc266206e4c2ed30bd280e9354,1,100-yr,SLR=1.0m | 100-yr,0.2,10.643352508544922,TRUE,CoSMoS
54,1b6278ab5c2822e50d92a662a920f9cd,1,100-yr,SLR=1.0m | 100-yr,0.46,7.793793201446533,TRUE,CoSMoS
57,5d9c2a05a08558d55b02c0327b4df447,1,100-yr,SLR=1.0m | 100-yr,0.06,7.438265800476074,FALSE,CoSMoS
58,c37bb3af3bc962b23be05ede85a95227,1,100-yr,SLR=1.0m | 100-yr,0.46,9.941828727722168,TRUE,CoSMoS
60,4ad4c8215c6fffa3117985d90cffb766,1,100-yr,SLR=1.0m | 100-yr,0.11,11.006952285766602,FALSE,CoSMoS
61,671f697ca683fcd3dfef97963abd2555,1,100-yr,SLR=1.0m | 100-yr,0.35,9.990487098693848,TRUE,CoSMoS
62,74df5ff97da3e03e91c0f35f77505d09,1,100-yr,SLR=1.0m | 100-yr,0.23,9.911299705505371,TRUE,CoSMoS
65,ebba21509473070bc68ac3bdc57e2b2f,1,100-yr,SLR=1.0m | 100-yr,0.13,5.814508438110352,FALSE,CoSMoS
67,13d20e9c7a4c67ce669c866c9c0c0b65,1,100-yr,SLR=1.0m | 100-yr,0.11,6.728662967681885,FALSE,CoSMoS
68,5dcd72919d0d813104e7c51b3d4f6aec,1,100-yr,SLR=1.0m | 100-yr,0.57,5.805622577667236,TRUE,CoSMoS
69,b3adec5d5bea4d9c3fa1e3464bbafa91,1,100-yr,SLR=1.0m | 100-yr,0.15,9.249136924743652,TRUE,CoSMoS
76,16e7c6a3126e8054624d86ca0fffa966,1,100-yr,SLR=1.0m | 100-yr,0.53,14.556485176086426,TRUE,CoSMoS
77,4ca0c29f2b81ba4765ed75f5ea1f4463,1,100-yr,SLR=1.0m | 100-yr,1.1,15.330376625061035,TRUE,CoSMoS
79,970676448c402953014406951d3772fd,1,100-yr,SLR=1.0m | 100-yr,0.09,8.889551162719727,FALSE,CoSMoS
80,d6e5eca5b6ca3a0f7832eb2769464302,1,100-yr,SLR=1.0m | 100-yr,0.12,7.954284191131592,FALSE,CoSMoS
81,1e63e1365446d4a9a3a49fb69ae6a743,1,100-yr,SLR=1.0m | 100-yr,0.58,7.110973358154297,TRUE,CoSMoS
82,ec9891763c8b3865fe1cb0aef7d8808e,1,100-yr,SLR=1.0m | 100-yr,0.49,8.666813850402832,TRUE,CoSMoS
83,e313959d66f6c9b225346c79eefd5ead,1,100-yr,SLR=1.0m | 100-yr,0.64,10.147171974182129,TRUE,CoSMoS
89,b60fd96b598ea779713dadd50eec1981,1,100-yr,SLR=1.0m | 100-yr,0.27,7.225553035736084,TRUE,CoSMoS
93,bbf6fc2a9aec00a3780ed5c5d4db6759,1,100-yr,SLR=1.0m | 100-yr,0.3,9.656318664550781,TRUE,CoSMoS
94,5a3be30199394130a88d0b5148f0f24c,1,100-yr,SLR=1.0m | 100-yr,0.22,10.210179328918457,TRUE,CoSMoS
95,1481d2cba83d67f62612ec6043fe47b3,1,100-yr,SLR=1.0m | 100-yr,0.19,10.583447456359863,TRUE,CoSMoS
96,b462f58e761e5f3c9c9e5a5d781e505a,1,100-yr,SLR=1.0m | 100-yr,0.09,10.331988334655762,FALSE,CoSMoS
98,15a54683d8a643d8f5cc47a2d8c7e936,1,100-yr,SLR=1.0m | 100-yr,0.29,5.558568000793457,TRUE,CoSMoS
99,56520faaa42881bdc6a324b7a5e2502f,1,100-yr,SLR=1.0m | 100-yr,0.43,5.576551914215088,TRUE,CoSMoS
101,7154de47f0001ba146ad1ae5a62ee863,1,100-yr,SLR=1.0m | 100-yr,0.73,6.271835803985596,TRUE,CoSMoS
102,0d7b8f794fa3082a7c03026dec856247,1,100-yr,SLR=1.0m | 100-yr,0.73,6.271835803985596,TRUE,CoSMoS
103,6e0abbe95021795de4e36b121e68a5da,1,100-yr,SLR=1.0m | 100-yr,0.18,4.676714897155762,TRUE,CoSMoS
104,d2b603896c62fe2a05a5fd2b2856fc67,1,100-yr,SLR=1.0m | 100-yr,0.06,4.794864654541016,FALSE,CoSMoS
105,ae410f3f37648dc35b771f5aab1e56d4,1,100-yr,SLR=1.0m | 100-yr,0.69,4.390081882476807,TRUE,CoSMoS
106,73954a6c37f948edfa2617a91452cf8d,1,100-yr,SLR=1.0m | 100-yr,0.47,5.885205268859863,TRUE,CoSMoS
107,1ff31dc4768a9158d9473f7ded2e923a,1,100-yr,SLR=1.0m | 100-yr,0.17,4.9431023597717285,TRUE,CoSMoS
108,a084010d87e39dd79f2dabdd6931549a,1,100-yr,SLR=1.0m | 100-yr,0.4,7.38688850402832,TRUE,CoSMoS
109,330d0a0121adcdb385166b1fa14e3cec,1,100-yr,SLR=1.0m | 100-yr,0.33,8.430047035217285,TRUE,CoSMoS
110,104937a524980ecc2f672d7a542309ce,1,100-yr,SLR=1.0m | 100-yr,0.48,10.11299991607666,TRUE,CoSMoS
2,869b893718c34c2377679564cd7cd705,1.25,100-yr,SLR=1.2m | 100-yr,0.69,16.960134506225586,TRUE,CoSMoS
3,10e5c14b3b247bc4b07bb5b8fe680915,1.25,100-yr,SLR=1.2m | 100-yr,0.91,18.052106857299805,TRUE,CoSMoS
4,df5793d00b3dee7bc5de79f3adaa9fcb,1.25,100-yr,SLR=1.2m | 100-yr,0.38,18.059541702270508,TRUE,CoSMoS
5,7f0b8bc66ebf78e40799f7fc69f1127b,1.25,100-yr,SLR=1.2m | 100-yr,0.08,22.642047882080078,FALSE,CoSMoS
6,1f2e37dbca51abe543d735133f0cc643,1.25,100-yr,SLR=1.2m | 100-yr,0.43,21.279233932495117,TRUE,CoSMoS
7,41677f225fa7418f32714a2a094c1244,1.25,100-yr,SLR=1.2m | 100-yr,0.91,18.052106857299805,TRUE,CoSMoS
8,d619cea82bb12f088e086e781113f17f,1.25,100-yr,SLR=1.2m | 100-yr,0.66,20.80668067932129,TRUE,CoSMoS
9,4fadfb3c3591c1ad79a801cfa01370d6,1.25,100-yr,SLR=1.2m | 100-yr,0.66,20.80668067932129,TRUE,CoSMoS
10,c9005c10c424d0dfa8efef532052d8e9,1.25,100-yr,SLR=1.2m | 100-yr,0.06,22.72588348388672,FALSE,CoSMoS
11,590bc81e834ae987df8ea7a7c2c04bbf,1.25,100-yr,SLR=1.2m | 100-yr,0.47,16.912771224975586,TRUE,CoSMoS
12,f406818da8ebe8fcc4e58cae36781bf7,1.25,100-yr,SLR=1.2m | 100-yr,0.44,19.36138916015625,TRUE,CoSMoS
13,5e0031ecbf54e0627caf983b39c73dbd,1.25,100-yr,SLR=1.2m | 100-yr,0.1,22.43251609802246,FALSE,CoSMoS
14,0f956c6f09175e6f22794d56a759228a,1.25,100-yr,SLR=1.2m | 100-yr,0.74,23.71698570251465,TRUE,CoSMoS
15,b84a87b6270cbd89024e871a1b4dd896,1.25,100-yr,SLR=1.2m | 100-yr,0.11,22.371780395507812,FALSE,CoSMoS
16,a24ca6112f4bac3344317057b836aa82,1.25,100-yr,SLR=1.2m | 100-yr,0.66,20.80668067932129,TRUE,CoSMoS
17,891d7a19c8866d6a7f26c765b8ffa62e,1.25,100-yr,SLR=1.2m | 100-yr,0.46,22.049537658691406,TRUE,CoSMoS
18,71471ead165734f3c23829d2bfd89b19,1.25,100-yr,SLR=1.2m | 100-yr,0.66,20.80668067932129,TRUE,CoSMoS
19,fbed1d520e167857fcfba3028ae17d6e,1.25,100-yr,SLR=1.2m | 100-yr,0.55,20.549270629882812,TRUE,CoSMoS
20,521d913398ccc88ae5ef7b7f1e9f7cfd,1.25,100-yr,SLR=1.2m | 100-yr,0.66,20.80668067932129,TRUE,CoSMoS
21,7df87557da5a77296076ccb323bd5592,1.25,100-yr,SLR=1.2m | 100-yr,1.09,17.091121673583984,TRUE,CoSMoS
22,9187a1f1d8484ebe2254d1c53ab43503,1.25,100-yr,SLR=1.2m | 100-yr,0.66,20.80668067932129,TRUE,CoSMoS
23,50f16e8677b26f7f0ae07c2628d4a3f6,1.25,100-yr,SLR=1.2m | 100-yr,0.08,22.642047882080078,FALSE,CoSMoS
24,9ca78cce2abf111ff43097db3067f4bf,1.25,100-yr,SLR=1.2m | 100-yr,0.09,22.45623016357422,FALSE,CoSMoS
26,39a7d437e8e27b45576cf29f6e28a33d,1.25,100-yr,SLR=1.2m | 100-yr,0.66,20.80668067932129,TRUE,CoSMoS
27,9c30fbdf740c818d20ede323c68ed454,1.25,100-yr,SLR=1.2m | 100-yr,1.69,19.963998794555664,TRUE,CoSMoS
28,a73075107dd3cb34000ee4708056cb3f,1.25,100-yr,SLR=1.2m | 100-yr,0.6,18.87760353088379,TRUE,CoSMoS
30,f1685fa53e41991840a9cff8105898a0,1.25,100-yr,SLR=1.2m | 100-yr,0.91,18.052106857299805,TRUE,CoSMoS
31,bc49f4578caf3d4c87244cc6fc1432ac,1.25,100-yr,SLR=1.2m | 100-yr,0.91,18.052106857299805,TRUE,CoSMoS
32,b1abab57126ed2a9a88d737984c69b54,1.25,100-yr,SLR=1.2m | 100-yr,0.66,20.80668067932129,TRUE,CoSMoS
33,4c16214b63d783b88e1d00cc5aeeeedb,1.25,100-yr,SLR=1.2m | 100-yr,0.43,21.322858810424805,TRUE,CoSMoS
34,43cf192f76f781c71d1f0a86691b4b36,1.25,100-yr,SLR=1.2m | 100-yr,0.91,18.052106857299805,TRUE,CoSMoS
35,a3fe0a3b732049fd5e91b291c2c53c22,1.25,100-yr,SLR=1.2m | 100-yr,0.49,19.571990966796875,TRUE,CoSMoS
36,c0038cf971126a683f99570432c0eaf0,1.25,100-yr,SLR=1.2m | 100-yr,0.41,18.871931076049805,TRUE,CoSMoS
37,113c185fa7b30efe6c04b7a4a07276d0,1.25,100-yr,SLR=1.2m | 100-yr,0.52,18.66099739074707,TRUE,CoSMoS
38,6596a6ce95accc5a22d77a6eb1b0e396,1.25,100-yr,SLR=1.2m | 100-yr,0.62,21.039737701416016,TRUE,CoSMoS
42,073c60cc505c2d828817dfd84c52846e,1.25,100-yr,SLR=1.2m | 100-yr,0.45,22.245241165161133,TRUE,CoSMoS
44,4e20f1d2f1beaafe0b33fd8b63ee754d,1.25,100-yr,SLR=1.2m | 100-yr,0.17,19.3653507232666,TRUE,CoSMoS
45,862d3afe26c4e34e81aa8775f25a34e2,1.25,100-yr,SLR=1.2m | 100-yr,0.18,18.333084106445312,TRUE,CoSMoS
46,5fa404df6aa8eb519c17c3ef9b2f8641,1.25,100-yr,SLR=1.2m | 100-yr,0.46,18.351463317871094,TRUE,CoSMoS
47,e2e4cb936d41ce2a53d57604e0c8f138,1.25,100-yr,SLR=1.2m | 100-yr,0.19,18.111019134521484,TRUE,CoSMoS
48,3267ce5a6ef70cade696683c01ade678,1.25,100-yr,SLR=1.2m | 100-yr,0.19,18.913597106933594,TRUE,CoSMoS
49,75a17d216fabd33638ad4d4b11287948,1.25,100-yr,SLR=1.2m | 100-yr,0.72,18.88868522644043,TRUE,CoSMoS
50,9a075e84b4a27045bbf8e7d7f5ebdbc2,1.25,100-yr,SLR=1.2m | 100-yr,0.48,17.65610122680664,TRUE,CoSMoS
51,30e4d3cc266206e4c2ed30bd280e9354,1.25,100-yr,SLR=1.2m | 100-yr,0.47,16.399093627929688,TRUE,CoSMoS
54,1b6278ab5c2822e50d92a662a920f9cd,1.25,100-yr,SLR=1.2m | 100-yr,0.75,16.060014724731445,TRUE,CoSMoS
57,5d9c2a05a08558d55b02c0327b4df447,1.25,100-yr,SLR=1.2m | 100-yr,0.36,16.75677490234375,TRUE,CoSMoS
58,c37bb3af3bc962b23be05ede85a95227,1.25,100-yr,SLR=1.2m | 100-yr,0.76,18.800325393676758,TRUE,CoSMoS
59,2ba4ae8fb559982704ca2d60f5bcb2fa,1.25,100-yr,SLR=1.2m | 100-yr,0.3,18.31298828125,TRUE,CoSMoS
60,4ad4c8215c6fffa3117985d90cffb766,1.25,100-yr,SLR=1.2m | 100-yr,0.4,18.463542938232422,TRUE,CoSMoS
61,671f697ca683fcd3dfef97963abd2555,1.25,100-yr,SLR=1.2m | 100-yr,0.64,18.9261531829834,TRUE,CoSMoS
62,74df5ff97da3e03e91c0f35f77505d09,1.25,100-yr,SLR=1.2m | 100-yr,0.52,18.71682357788086,TRUE,CoSMoS
64,8add8b2920677fb05a470dc45d0382e9,1.25,100-yr,SLR=1.2m | 100-yr,0.12,18.45366096496582,FALSE,CoSMoS
65,ebba21509473070bc68ac3bdc57e2b2f,1.25,100-yr,SLR=1.2m | 100-yr,0.31,18.961524963378906,TRUE,CoSMoS
66,91d61e1e74d514343173298aaad46962,1.25,100-yr,SLR=1.2m | 100-yr,0.14,20.26811408996582,FALSE,CoSMoS
67,13d20e9c7a4c67ce669c866c9c0c0b65,1.25,100-yr,SLR=1.2m | 100-yr,0.34,20.41450309753418,TRUE,CoSMoS
68,5dcd72919d0d813104e7c51b3d4f6aec,1.25,100-yr,SLR=1.2m | 100-yr,0.82,20.40080451965332,TRUE,CoSMoS
69,b3adec5d5bea4d9c3fa1e3464bbafa91,1.25,100-yr,SLR=1.2m | 100-yr,0.36,19.24200439453125,TRUE,CoSMoS
70,55516a1c7d482174944565881a6c4c1d,1.25,100-yr,SLR=1.2m | 100-yr,0.16,18.53236198425293,TRUE,CoSMoS
73,e6c0dd8d88b208dacf2980e5cfbe47d0,1.25,100-yr,SLR=1.2m | 100-yr,0.09,17.772180557250977,FALSE,CoSMoS
76,16e7c6a3126e8054624d86ca0fffa966,1.25,100-yr,SLR=1.2m | 100-yr,0.58,19.639036178588867,TRUE,CoSMoS
77,4ca0c29f2b81ba4765ed75f5ea1f4463,1.25,100-yr,SLR=1.2m | 100-yr,1.15,19.880064010620117,TRUE,CoSMoS
78,dc7c86b51337c35a8f90e477f53f3340,1.25,100-yr,SLR=1.2m | 100-yr,0.18,18.778501510620117,TRUE,CoSMoS
79,970676448c402953014406951d3772fd,1.25,100-yr,SLR=1.2m | 100-yr,0.33,18.716848373413086,TRUE,CoSMoS
80,d6e5eca5b6ca3a0f7832eb2769464302,1.25,100-yr,SLR=1.2m | 100-yr,0.38,18.94139289855957,TRUE,CoSMoS
81,1e63e1365446d4a9a3a49fb69ae6a743,1.25,100-yr,SLR=1.2m | 100-yr,0.87,19.236114501953125,TRUE,CoSMoS
82,ec9891763c8b3865fe1cb0aef7d8808e,1.25,100-yr,SLR=1.2m | 100-yr,0.76,19.085445404052734,TRUE,CoSMoS
83,e313959d66f6c9b225346c79eefd5ead,1.25,100-yr,SLR=1.2m | 100-yr,0.96,23.909526824951172,TRUE,CoSMoS
84,f27c616eef80f4e7d72585d89e30b7f6,1.25,100-yr,SLR=1.2m | 100-yr,0.2,18.53337860107422,TRUE,CoSMoS
85,2bfdf7374c8c4bbaa7181efe98a8e25f,1.25,100-yr,SLR=1.2m | 100-yr,0.04,18.536609649658203,FALSE,CoSMoS
88,d9d79ded405b9e361d65292878106ee2,1.25,100-yr,SLR=1.2m | 100-yr,0.22,18.259702682495117,TRUE,CoSMoS
89,b60fd96b598ea779713dadd50eec1981,1.25,100-yr,SLR=1.2m | 100-yr,0.55,18.356637954711914,TRUE,CoSMoS
91,36a89c7d09161752ab705b07e2ddbe73,1.25,100-yr,SLR=1.2m | 100-yr,0.17,18.598148345947266,TRUE,CoSMoS
93,bbf6fc2a9aec00a3780ed5c5d4db6759,1.25,100-yr,SLR=1.2m | 100-yr,0.56,20.454565048217773,TRUE,CoSMoS
94,5a3be30199394130a88d0b5148f0f24c,1.25,100-yr,SLR=1.2m | 100-yr,0.48,20.590198516845703,TRUE,CoSMoS
95,1481d2cba83d67f62612ec6043fe47b3,1.25,100-yr,SLR=1.2m | 100-yr,0.45,20.507394790649414,TRUE,CoSMoS
96,b462f58e761e5f3c9c9e5a5d781e505a,1.25,100-yr,SLR=1.2m | 100-yr,0.36,20.42125129699707,TRUE,CoSMoS
97,745d257d4efd4cd1ba102a4b538c67e8,1.25,100-yr,SLR=1.2m | 100-yr,0.07,20.95069122314453,FALSE,CoSMoS
98,15a54683d8a643d8f5cc47a2d8c7e936,1.25,100-yr,SLR=1.2m | 100-yr,0.68,22.02825355529785,TRUE,CoSMoS
99,56520faaa42881bdc6a324b7a5e2502f,1.25,100-yr,SLR=1.2m | 100-yr,0.82,21.80620765686035,TRUE,CoSMoS
100,64b9b5ab991ea7e2fa4cb5096fcd813c,1.25,100-yr,SLR=1.2m | 100-yr,0.34,21.607919692993164,TRUE,CoSMoS
101,7154de47f0001ba146ad1ae5a62ee863,1.25,100-yr,SLR=1.2m | 100-yr,1.23,21.079437255859375,TRUE,CoSMoS
102,0d7b8f794fa3082a7c03026dec856247,1.25,100-yr,SLR=1.2m | 100-yr,1.23,21.079437255859375,TRUE,CoSMoS
103,6e0abbe95021795de4e36b121e68a5da,1.25,100-yr,SLR=1.2m | 100-yr,0.65,20.973934173583984,TRUE,CoSMoS
104,d2b603896c62fe2a05a5fd2b2856fc67,1.25,100-yr,SLR=1.2m | 100-yr,0.61,23.280241012573242,TRUE,CoSMoS
105,ae410f3f37648dc35b771f5aab1e56d4,1.25,100-yr,SLR=1.2m | 100-yr,1.24,21.74544334411621,TRUE,CoSMoS
106,73954a6c37f948edfa2617a91452cf8d,1.25,100-yr,SLR=1.2m | 100-yr,1.02,20.064680099487305,TRUE,CoSMoS
107,1ff31dc4768a9158d9473f7ded2e923a,1.25,100-yr,SLR=1.2m | 100-yr,0.66,20.78617286682129,TRUE,CoSMoS
108,a084010d87e39dd79f2dabdd6931549a,1.25,100-yr,SLR=1.2m | 100-yr,0.96,17.85114860534668,TRUE,CoSMoS
109,330d0a0121adcdb385166b1fa14e3cec,1.25,100-yr,SLR=1.2m | 100-yr,0.89,17.264568328857422,TRUE,CoSMoS
110,104937a524980ecc2f672d7a542309ce,1.25,100-yr,SLR=1.2m | 100-yr,1.1,17.093463897705078,TRUE,CoSMoS
2,869b893718c34c2377679564cd7cd705,1.5,100-yr,SLR=1.5m | 100-yr,1.22,16.960134506225586,TRUE,CoSMoS
3,10e5c14b3b247bc4b07bb5b8fe680915,1.5,100-yr,SLR=1.5m | 100-yr,1.43,18.052106857299805,TRUE,CoSMoS
4,df5793d00b3dee7bc5de79f3adaa9fcb,1.5,100-yr,SLR=1.5m | 100-yr,0.72,18.059541702270508,TRUE,CoSMoS
5,7f0b8bc66ebf78e40799f7fc69f1127b,1.5,100-yr,SLR=1.5m | 100-yr,0.6,22.642047882080078,TRUE,CoSMoS
6,1f2e37dbca51abe543d735133f0cc643,1.5,100-yr,SLR=1.5m | 100-yr,0.89,21.279233932495117,TRUE,CoSMoS
7,41677f225fa7418f32714a2a094c1244,1.5,100-yr,SLR=1.5m | 100-yr,1.43,18.052106857299805,TRUE,CoSMoS
8,d619cea82bb12f088e086e781113f17f,1.5,100-yr,SLR=1.5m | 100-yr,1.14,20.80668067932129,TRUE,CoSMoS
9,4fadfb3c3591c1ad79a801cfa01370d6,1.5,100-yr,SLR=1.5m | 100-yr,1.14,20.80668067932129,TRUE,CoSMoS
10,c9005c10c424d0dfa8efef532052d8e9,1.5,100-yr,SLR=1.5m | 100-yr,0.59,22.72588348388672,TRUE,CoSMoS
11,590bc81e834ae987df8ea7a7c2c04bbf,1.5,100-yr,SLR=1.5m | 100-yr,1.03,16.912771224975586,TRUE,CoSMoS
12,f406818da8ebe8fcc4e58cae36781bf7,1.5,100-yr,SLR=1.5m | 100-yr,0.97,19.36138916015625,TRUE,CoSMoS
13,5e0031ecbf54e0627caf983b39c73dbd,1.5,100-yr,SLR=1.5m | 100-yr,0.57,22.43251609802246,TRUE,CoSMoS
14,0f956c6f09175e6f22794d56a759228a,1.5,100-yr,SLR=1.5m | 100-yr,1.29,23.71698570251465,TRUE,CoSMoS
15,b84a87b6270cbd89024e871a1b4dd896,1.5,100-yr,SLR=1.5m | 100-yr,0.6,22.371780395507812,TRUE,CoSMoS
16,a24ca6112f4bac3344317057b836aa82,1.5,100-yr,SLR=1.5m | 100-yr,1.14,20.80668067932129,TRUE,CoSMoS
17,891d7a19c8866d6a7f26c765b8ffa62e,1.5,100-yr,SLR=1.5m | 100-yr,0.95,22.049537658691406,TRUE,CoSMoS
18,71471ead165734f3c23829d2bfd89b19,1.5,100-yr,SLR=1.5m | 100-yr,1.14,20.80668067932129,TRUE,CoSMoS
19,fbed1d520e167857fcfba3028ae17d6e,1.5,100-yr,SLR=1.5m | 100-yr,1.05,20.549270629882812,TRUE,CoSMoS
20,521d913398ccc88ae5ef7b7f1e9f7cfd,1.5,100-yr,SLR=1.5m | 100-yr,1.14,20.80668067932129,TRUE,CoSMoS
21,7df87557da5a77296076ccb323bd5592,1.5,100-yr,SLR=1.5m | 100-yr,1.67,17.091121673583984,TRUE,CoSMoS
22,9187a1f1d8484ebe2254d1c53ab43503,1.5,100-yr,SLR=1.5m | 100-yr,1.14,20.80668067932129,TRUE,CoSMoS
23,50f16e8677b26f7f0ae07c2628d4a3f6,1.5,100-yr,SLR=1.5m | 100-yr,0.6,22.642047882080078,TRUE,CoSMoS
24,9ca78cce2abf111ff43097db3067f4bf,1.5,100-yr,SLR=1.5m | 100-yr,0.58,22.45623016357422,TRUE,CoSMoS
26,39a7d437e8e27b45576cf29f6e28a33d,1.5,100-yr,SLR=1.5m | 100-yr,1.14,20.80668067932129,TRUE,CoSMoS
27,9c30fbdf740c818d20ede323c68ed454,1.5,100-yr,SLR=1.5m | 100-yr,2.25,19.963998794555664,TRUE,CoSMoS
28,a73075107dd3cb34000ee4708056cb3f,1.5,100-yr,SLR=1.5m | 100-yr,0.92,18.87760353088379,TRUE,CoSMoS
29,7f0dcaae670bce2af9a0278956636a12,1.5,100-yr,SLR=1.5m | 100-yr,0.34,17.697633743286133,TRUE,CoSMoS
30,f1685fa53e41991840a9cff8105898a0,1.5,100-yr,SLR=1.5m | 100-yr,1.43,18.052106857299805,TRUE,CoSMoS
31,bc49f4578caf3d4c87244cc6fc1432ac,1.5,100-yr,SLR=1.5m | 100-yr,1.43,18.052106857299805,TRUE,CoSMoS
32,b1abab57126ed2a9a88d737984c69b54,1.5,100-yr,SLR=1.5m | 100-yr,1.14,20.80668067932129,TRUE,CoSMoS
33,4c16214b63d783b88e1d00cc5aeeeedb,1.5,100-yr,SLR=1.5m | 100-yr,0.87,21.322858810424805,TRUE,CoSMoS
34,43cf192f76f781c71d1f0a86691b4b36,1.5,100-yr,SLR=1.5m | 100-yr,1.43,18.052106857299805,TRUE,CoSMoS
35,a3fe0a3b732049fd5e91b291c2c53c22,1.5,100-yr,SLR=1.5m | 100-yr,1.06,19.571990966796875,TRUE,CoSMoS
36,c0038cf971126a683f99570432c0eaf0,1.5,100-yr,SLR=1.5m | 100-yr,0.94,18.871931076049805,TRUE,CoSMoS
37,113c185fa7b30efe6c04b7a4a07276d0,1.5,100-yr,SLR=1.5m | 100-yr,1.08,18.66099739074707,TRUE,CoSMoS
38,6596a6ce95accc5a22d77a6eb1b0e396,1.5,100-yr,SLR=1.5m | 100-yr,1.15,21.039737701416016,TRUE,CoSMoS
42,073c60cc505c2d828817dfd84c52846e,1.5,100-yr,SLR=1.5m | 100-yr,0.86,22.245241165161133,TRUE,CoSMoS
44,4e20f1d2f1beaafe0b33fd8b63ee754d,1.5,100-yr,SLR=1.5m | 100-yr,0.52,19.3653507232666,TRUE,CoSMoS
45,862d3afe26c4e34e81aa8775f25a34e2,1.5,100-yr,SLR=1.5m | 100-yr,0.54,18.333084106445312,TRUE,CoSMoS
46,5fa404df6aa8eb519c17c3ef9b2f8641,1.5,100-yr,SLR=1.5m | 100-yr,0.8,18.351463317871094,TRUE,CoSMoS
47,e2e4cb936d41ce2a53d57604e0c8f138,1.5,100-yr,SLR=1.5m | 100-yr,0.52,18.111019134521484,TRUE,CoSMoS
48,3267ce5a6ef70cade696683c01ade678,1.5,100-yr,SLR=1.5m | 100-yr,0.5,18.913597106933594,TRUE,CoSMoS
49,75a17d216fabd33638ad4d4b11287948,1.5,100-yr,SLR=1.5m | 100-yr,1.02,18.88868522644043,TRUE,CoSMoS
50,9a075e84b4a27045bbf8e7d7f5ebdbc2,1.5,100-yr,SLR=1.5m | 100-yr,0.76,17.65610122680664,TRUE,CoSMoS
51,30e4d3cc266206e4c2ed30bd280e9354,1.5,100-yr,SLR=1.5m | 100-yr,0.7,16.399093627929688,TRUE,CoSMoS
54,1b6278ab5c2822e50d92a662a920f9cd,1.5,100-yr,SLR=1.5m | 100-yr,1.05,16.060014724731445,TRUE,CoSMoS
57,5d9c2a05a08558d55b02c0327b4df447,1.5,100-yr,SLR=1.5m | 100-yr,0.65,16.75677490234375,TRUE,CoSMoS
58,c37bb3af3bc962b23be05ede85a95227,1.5,100-yr,SLR=1.5m | 100-yr,1.06,18.800325393676758,TRUE,CoSMoS
59,2ba4ae8fb559982704ca2d60f5bcb2fa,1.5,100-yr,SLR=1.5m | 100-yr,0.61,18.31298828125,TRUE,CoSMoS
60,4ad4c8215c6fffa3117985d90cffb766,1.5,100-yr,SLR=1.5m | 100-yr,0.7,18.463542938232422,TRUE,CoSMoS
61,671f697ca683fcd3dfef97963abd2555,1.5,100-yr,SLR=1.5m | 100-yr,0.94,18.9261531829834,TRUE,CoSMoS
62,74df5ff97da3e03e91c0f35f77505d09,1.5,100-yr,SLR=1.5m | 100-yr,0.81,18.71682357788086,TRUE,CoSMoS
64,8add8b2920677fb05a470dc45d0382e9,1.5,100-yr,SLR=1.5m | 100-yr,0.42,18.45366096496582,TRUE,CoSMoS
65,ebba21509473070bc68ac3bdc57e2b2f,1.5,100-yr,SLR=1.5m | 100-yr,0.66,18.961524963378906,TRUE,CoSMoS
66,91d61e1e74d514343173298aaad46962,1.5,100-yr,SLR=1.5m | 100-yr,0.5,20.26811408996582,TRUE,CoSMoS
67,13d20e9c7a4c67ce669c866c9c0c0b65,1.5,100-yr,SLR=1.5m | 100-yr,0.71,20.41450309753418,TRUE,CoSMoS
68,5dcd72919d0d813104e7c51b3d4f6aec,1.5,100-yr,SLR=1.5m | 100-yr,1.19,20.40080451965332,TRUE,CoSMoS
69,b3adec5d5bea4d9c3fa1e3464bbafa91,1.5,100-yr,SLR=1.5m | 100-yr,0.7,19.24200439453125,TRUE,CoSMoS
70,55516a1c7d482174944565881a6c4c1d,1.5,100-yr,SLR=1.5m | 100-yr,0.54,18.53236198425293,TRUE,CoSMoS
73,e6c0dd8d88b208dacf2980e5cfbe47d0,1.5,100-yr,SLR=1.5m | 100-yr,0.43,17.772180557250977,TRUE,CoSMoS
75,4ebd4dadd1ac24187bb48c91600c5bf7,1.5,100-yr,SLR=1.5m | 100-yr,0.24,18.708637237548828,TRUE,CoSMoS
76,16e7c6a3126e8054624d86ca0fffa966,1.5,100-yr,SLR=1.5m | 100-yr,0.73,19.639036178588867,TRUE,CoSMoS
77,4ca0c29f2b81ba4765ed75f5ea1f4463,1.5,100-yr,SLR=1.5m | 100-yr,1.29,19.880064010620117,TRUE,CoSMoS
78,dc7c86b51337c35a8f90e477f53f3340,1.5,100-yr,SLR=1.5m | 100-yr,0.45,18.778501510620117,TRUE,CoSMoS
79,970676448c402953014406951d3772fd,1.5,100-yr,SLR=1.5m | 100-yr,0.61,18.716848373413086,TRUE,CoSMoS
80,d6e5eca5b6ca3a0f7832eb2769464302,1.5,100-yr,SLR=1.5m | 100-yr,0.67,18.94139289855957,TRUE,CoSMoS
81,1e63e1365446d4a9a3a49fb69ae6a743,1.5,100-yr,SLR=1.5m | 100-yr,1.17,19.236114501953125,TRUE,CoSMoS
82,ec9891763c8b3865fe1cb0aef7d8808e,1.5,100-yr,SLR=1.5m | 100-yr,1.04,19.085445404052734,TRUE,CoSMoS
83,e313959d66f6c9b225346c79eefd5ead,1.5,100-yr,SLR=1.5m | 100-yr,1.29,23.909526824951172,TRUE,CoSMoS
84,f27c616eef80f4e7d72585d89e30b7f6,1.5,100-yr,SLR=1.5m | 100-yr,0.47,18.53337860107422,TRUE,CoSMoS
85,2bfdf7374c8c4bbaa7181efe98a8e25f,1.5,100-yr,SLR=1.5m | 100-yr,0.34,18.536609649658203,TRUE,CoSMoS
88,d9d79ded405b9e361d65292878106ee2,1.5,100-yr,SLR=1.5m | 100-yr,0.51,18.259702682495117,TRUE,CoSMoS
89,b60fd96b598ea779713dadd50eec1981,1.5,100-yr,SLR=1.5m | 100-yr,0.83,18.356637954711914,TRUE,CoSMoS
91,36a89c7d09161752ab705b07e2ddbe73,1.5,100-yr,SLR=1.5m | 100-yr,0.44,18.598148345947266,TRUE,CoSMoS
93,bbf6fc2a9aec00a3780ed5c5d4db6759,1.5,100-yr,SLR=1.5m | 100-yr,0.83,20.454565048217773,TRUE,CoSMoS
94,5a3be30199394130a88d0b5148f0f24c,1.5,100-yr,SLR=1.5m | 100-yr,0.75,20.590198516845703,TRUE,CoSMoS
95,1481d2cba83d67f62612ec6043fe47b3,1.5,100-yr,SLR=1.5m | 100-yr,0.71,20.507394790649414,TRUE,CoSMoS
96,b462f58e761e5f3c9c9e5a5d781e505a,1.5,100-yr,SLR=1.5m | 100-yr,0.64,20.42125129699707,TRUE,CoSMoS
97,745d257d4efd4cd1ba102a4b538c67e8,1.5,100-yr,SLR=1.5m | 100-yr,0.43,20.95069122314453,TRUE,CoSMoS
98,15a54683d8a643d8f5cc47a2d8c7e936,1.5,100-yr,SLR=1.5m | 100-yr,1.08,22.02825355529785,TRUE,CoSMoS
99,56520faaa42881bdc6a324b7a5e2502f,1.5,100-yr,SLR=1.5m | 100-yr,1.22,21.80620765686035,TRUE,CoSMoS
100,64b9b5ab991ea7e2fa4cb5096fcd813c,1.5,100-yr,SLR=1.5m | 100-yr,0.86,21.607919692993164,TRUE,CoSMoS
101,7154de47f0001ba146ad1ae5a62ee863,1.5,100-yr,SLR=1.5m | 100-yr,1.74,21.079437255859375,TRUE,CoSMoS
102,0d7b8f794fa3082a7c03026dec856247,1.5,100-yr,SLR=1.5m | 100-yr,1.74,21.079437255859375,TRUE,CoSMoS
103,6e0abbe95021795de4e36b121e68a5da,1.5,100-yr,SLR=1.5m | 100-yr,1.11,20.973934173583984,TRUE,CoSMoS
104,d2b603896c62fe2a05a5fd2b2856fc67,1.5,100-yr,SLR=1.5m | 100-yr,1.15,23.280241012573242,TRUE,CoSMoS
105,ae410f3f37648dc35b771f5aab1e56d4,1.5,100-yr,SLR=1.5m | 100-yr,1.79,21.74544334411621,TRUE,CoSMoS
106,73954a6c37f948edfa2617a91452cf8d,1.5,100-yr,SLR=1.5m | 100-yr,1.56,20.064680099487305,TRUE,CoSMoS
107,1ff31dc4768a9158d9473f7ded2e923a,1.5,100-yr,SLR=1.5m | 100-yr,1.17,20.78617286682129,TRUE,CoSMoS
108,a084010d87e39dd79f2dabdd6931549a,1.5,100-yr,SLR=1.5m | 100-yr,1.5,17.85114860534668,TRUE,CoSMoS
109,330d0a0121adcdb385166b1fa14e3cec,1.5,100-yr,SLR=1.5m | 100-yr,1.43,17.264568328857422,TRUE,CoSMoS
110,104937a524980ecc2f672d7a542309ce,1.5,100-yr,SLR=1.5m | 100-yr,1.67,17.093463897705078,TRUE,CoSMoS
2,869b893718c34c2377679564cd7cd705,1.75,100-yr,SLR=1.8m | 100-yr,1.27,22.98283576965332,TRUE,CoSMoS
3,10e5c14b3b247bc4b07bb5b8fe680915,1.75,100-yr,SLR=1.8m | 100-yr,1.54,23.373985290527344,TRUE,CoSMoS
4,df5793d00b3dee7bc5de79f3adaa9fcb,1.75,100-yr,SLR=1.8m | 100-yr,1,21.74856185913086,TRUE,CoSMoS
5,7f0b8bc66ebf78e40799f7fc69f1127b,1.75,100-yr,SLR=1.8m | 100-yr,0.76,24.848215103149414,TRUE,CoSMoS
6,1f2e37dbca51abe543d735133f0cc643,1.75,100-yr,SLR=1.8m | 100-yr,1.16,24.850000381469727,TRUE,CoSMoS
7,41677f225fa7418f32714a2a094c1244,1.75,100-yr,SLR=1.8m | 100-yr,1.54,23.373985290527344,TRUE,CoSMoS
8,d619cea82bb12f088e086e781113f17f,1.75,100-yr,SLR=1.8m | 100-yr,1.19,24.734148025512695,TRUE,CoSMoS
9,4fadfb3c3591c1ad79a801cfa01370d6,1.75,100-yr,SLR=1.8m | 100-yr,1.19,24.734148025512695,TRUE,CoSMoS
10,c9005c10c424d0dfa8efef532052d8e9,1.75,100-yr,SLR=1.8m | 100-yr,0.74,24.84990882873535,TRUE,CoSMoS
11,590bc81e834ae987df8ea7a7c2c04bbf,1.75,100-yr,SLR=1.8m | 100-yr,1.07,23.234975814819336,TRUE,CoSMoS
12,f406818da8ebe8fcc4e58cae36781bf7,1.75,100-yr,SLR=1.8m | 100-yr,1.07,24.778568267822266,TRUE,CoSMoS
13,5e0031ecbf54e0627caf983b39c73dbd,1.75,100-yr,SLR=1.8m | 100-yr,0.79,24.850000381469727,TRUE,CoSMoS
14,0f956c6f09175e6f22794d56a759228a,1.75,100-yr,SLR=1.8m | 100-yr,1.38,24.779399871826172,TRUE,CoSMoS
15,b84a87b6270cbd89024e871a1b4dd896,1.75,100-yr,SLR=1.8m | 100-yr,0.79,24.849143981933594,TRUE,CoSMoS
16,a24ca6112f4bac3344317057b836aa82,1.75,100-yr,SLR=1.8m | 100-yr,1.19,24.734148025512695,TRUE,CoSMoS
17,891d7a19c8866d6a7f26c765b8ffa62e,1.75,100-yr,SLR=1.8m | 100-yr,1.3,24.850000381469727,TRUE,CoSMoS
18,71471ead165734f3c23829d2bfd89b19,1.75,100-yr,SLR=1.8m | 100-yr,1.19,24.734148025512695,TRUE,CoSMoS
19,fbed1d520e167857fcfba3028ae17d6e,1.75,100-yr,SLR=1.8m | 100-yr,1.08,24.746355056762695,TRUE,CoSMoS
20,521d913398ccc88ae5ef7b7f1e9f7cfd,1.75,100-yr,SLR=1.8m | 100-yr,1.19,24.734148025512695,TRUE,CoSMoS
21,7df87557da5a77296076ccb323bd5592,1.75,100-yr,SLR=1.8m | 100-yr,1.7,23.522804260253906,TRUE,CoSMoS
22,9187a1f1d8484ebe2254d1c53ab43503,1.75,100-yr,SLR=1.8m | 100-yr,1.19,24.734148025512695,TRUE,CoSMoS
23,50f16e8677b26f7f0ae07c2628d4a3f6,1.75,100-yr,SLR=1.8m | 100-yr,0.76,24.848215103149414,TRUE,CoSMoS
24,9ca78cce2abf111ff43097db3067f4bf,1.75,100-yr,SLR=1.8m | 100-yr,0.78,24.850000381469727,TRUE,CoSMoS
26,39a7d437e8e27b45576cf29f6e28a33d,1.75,100-yr,SLR=1.8m | 100-yr,1.19,24.734148025512695,TRUE,CoSMoS
27,9c30fbdf740c818d20ede323c68ed454,1.75,100-yr,SLR=1.8m | 100-yr,2.41,24.7812557220459,TRUE,CoSMoS
28,a73075107dd3cb34000ee4708056cb3f,1.75,100-yr,SLR=1.8m | 100-yr,1.21,21.946470260620117,TRUE,CoSMoS
29,7f0dcaae670bce2af9a0278956636a12,1.75,100-yr,SLR=1.8m | 100-yr,0.67,21.932588577270508,TRUE,CoSMoS
30,f1685fa53e41991840a9cff8105898a0,1.75,100-yr,SLR=1.8m | 100-yr,1.54,23.373985290527344,TRUE,CoSMoS
31,bc49f4578caf3d4c87244cc6fc1432ac,1.75,100-yr,SLR=1.8m | 100-yr,1.54,23.373985290527344,TRUE,CoSMoS
32,b1abab57126ed2a9a88d737984c69b54,1.75,100-yr,SLR=1.8m | 100-yr,1.19,24.734148025512695,TRUE,CoSMoS
33,4c16214b63d783b88e1d00cc5aeeeedb,1.75,100-yr,SLR=1.8m | 100-yr,1.13,24.850000381469727,TRUE,CoSMoS
34,43cf192f76f781c71d1f0a86691b4b36,1.75,100-yr,SLR=1.8m | 100-yr,1.54,23.373985290527344,TRUE,CoSMoS
35,a3fe0a3b732049fd5e91b291c2c53c22,1.75,100-yr,SLR=1.8m | 100-yr,1.21,24.778568267822266,TRUE,CoSMoS
36,c0038cf971126a683f99570432c0eaf0,1.75,100-yr,SLR=1.8m | 100-yr,1.04,24.778568267822266,TRUE,CoSMoS
37,113c185fa7b30efe6c04b7a4a07276d0,1.75,100-yr,SLR=1.8m | 100-yr,1.21,24.778568267822266,TRUE,CoSMoS
38,6596a6ce95accc5a22d77a6eb1b0e396,1.75,100-yr,SLR=1.8m | 100-yr,1.19,24.809255599975586,TRUE,CoSMoS
42,073c60cc505c2d828817dfd84c52846e,1.75,100-yr,SLR=1.8m | 100-yr,1.19,24.59767723083496,TRUE,CoSMoS
43,2bce84df5699b910a213702877fb7879,1.75,100-yr,SLR=1.8m | 100-yr,0.21,22.53697967529297,TRUE,CoSMoS
44,4e20f1d2f1beaafe0b33fd8b63ee754d,1.75,100-yr,SLR=1.8m | 100-yr,0.8,22.542190551757812,TRUE,CoSMoS
45,862d3afe26c4e34e81aa8775f25a34e2,1.75,100-yr,SLR=1.8m | 100-yr,0.83,22.011123657226562,TRUE,CoSMoS
46,5fa404df6aa8eb519c17c3ef9b2f8641,1.75,100-yr,SLR=1.8m | 100-yr,1.08,21.916900634765625,TRUE,CoSMoS
47,e2e4cb936d41ce2a53d57604e0c8f138,1.75,100-yr,SLR=1.8m | 100-yr,0.81,21.120216369628906,TRUE,CoSMoS
48,3267ce5a6ef70cade696683c01ade678,1.75,100-yr,SLR=1.8m | 100-yr,0.75,20.988889694213867,TRUE,CoSMoS
49,75a17d216fabd33638ad4d4b11287948,1.75,100-yr,SLR=1.8m | 100-yr,1.31,20.63500213623047,TRUE,CoSMoS
50,9a075e84b4a27045bbf8e7d7f5ebdbc2,1.75,100-yr,SLR=1.8m | 100-yr,1.05,20.002033233642578,TRUE,CoSMoS
51,30e4d3cc266206e4c2ed30bd280e9354,1.75,100-yr,SLR=1.8m | 100-yr,0.96,19.5695743560791,TRUE,CoSMoS
52,dab93058d9ca11f6c6b9d83f3ff64f5d,1.75,100-yr,SLR=1.8m | 100-yr,0.21,20.56072235107422,TRUE,CoSMoS
54,1b6278ab5c2822e50d92a662a920f9cd,1.75,100-yr,SLR=1.8m | 100-yr,1.35,20.860681533813477,TRUE,CoSMoS
55,0045f368e49fe3280616cd2f946c2e4e,1.75,100-yr,SLR=1.8m | 100-yr,0.06,20.47894287109375,FALSE,CoSMoS
57,5d9c2a05a08558d55b02c0327b4df447,1.75,100-yr,SLR=1.8m | 100-yr,0.95,21.78331756591797,TRUE,CoSMoS
58,c37bb3af3bc962b23be05ede85a95227,1.75,100-yr,SLR=1.8m | 100-yr,1.36,22.737455368041992,TRUE,CoSMoS
59,2ba4ae8fb559982704ca2d60f5bcb2fa,1.75,100-yr,SLR=1.8m | 100-yr,0.91,21.86147689819336,TRUE,CoSMoS
60,4ad4c8215c6fffa3117985d90cffb766,1.75,100-yr,SLR=1.8m | 100-yr,0.97,21.26355743408203,TRUE,CoSMoS
61,671f697ca683fcd3dfef97963abd2555,1.75,100-yr,SLR=1.8m | 100-yr,1.2,21.476682662963867,TRUE,CoSMoS
62,74df5ff97da3e03e91c0f35f77505d09,1.75,100-yr,SLR=1.8m | 100-yr,1.09,22.603105545043945,TRUE,CoSMoS
64,8add8b2920677fb05a470dc45d0382e9,1.75,100-yr,SLR=1.8m | 100-yr,0.7,21.468320846557617,TRUE,CoSMoS
65,ebba21509473070bc68ac3bdc57e2b2f,1.75,100-yr,SLR=1.8m | 100-yr,1.01,20.995237350463867,TRUE,CoSMoS
66,91d61e1e74d514343173298aaad46962,1.75,100-yr,SLR=1.8m | 100-yr,0.84,22.415531158447266,TRUE,CoSMoS
67,13d20e9c7a4c67ce669c866c9c0c0b65,1.75,100-yr,SLR=1.8m | 100-yr,1.04,22.77762222290039,TRUE,CoSMoS
68,5dcd72919d0d813104e7c51b3d4f6aec,1.75,100-yr,SLR=1.8m | 100-yr,1.53,22.635183334350586,TRUE,CoSMoS
69,b3adec5d5bea4d9c3fa1e3464bbafa91,1.75,100-yr,SLR=1.8m | 100-yr,1,21.926164627075195,TRUE,CoSMoS
70,55516a1c7d482174944565881a6c4c1d,1.75,100-yr,SLR=1.8m | 100-yr,0.87,21.74099349975586,TRUE,CoSMoS
73,e6c0dd8d88b208dacf2980e5cfbe47d0,1.75,100-yr,SLR=1.8m | 100-yr,0.77,22.085865020751953,TRUE,CoSMoS
74,6a163b810b84db5cf15faaaff015d72f,1.75,100-yr,SLR=1.8m | 100-yr,0.32,22.235687255859375,TRUE,CoSMoS
75,4ebd4dadd1ac24187bb48c91600c5bf7,1.75,100-yr,SLR=1.8m | 100-yr,0.61,22.250673294067383,TRUE,CoSMoS
76,16e7c6a3126e8054624d86ca0fffa966,1.75,100-yr,SLR=1.8m | 100-yr,0.97,22.49369239807129,TRUE,CoSMoS
77,4ca0c29f2b81ba4765ed75f5ea1f4463,1.75,100-yr,SLR=1.8m | 100-yr,1.52,22.337060928344727,TRUE,CoSMoS
78,dc7c86b51337c35a8f90e477f53f3340,1.75,100-yr,SLR=1.8m | 100-yr,0.82,21.742650985717773,TRUE,CoSMoS
79,970676448c402953014406951d3772fd,1.75,100-yr,SLR=1.8m | 100-yr,1.01,21.7410888671875,TRUE,CoSMoS
80,d6e5eca5b6ca3a0f7832eb2769464302,1.75,100-yr,SLR=1.8m | 100-yr,1.09,21.886049270629883,TRUE,CoSMoS
81,1e63e1365446d4a9a3a49fb69ae6a743,1.75,100-yr,SLR=1.8m | 100-yr,1.58,22.075422286987305,TRUE,CoSMoS
82,ec9891763c8b3865fe1cb0aef7d8808e,1.75,100-yr,SLR=1.8m | 100-yr,1.44,21.824228286743164,TRUE,CoSMoS
83,e313959d66f6c9b225346c79eefd5ead,1.75,100-yr,SLR=1.8m | 100-yr,1.67,24.849443435668945,TRUE,CoSMoS
84,f27c616eef80f4e7d72585d89e30b7f6,1.75,100-yr,SLR=1.8m | 100-yr,0.83,21.743680953979492,TRUE,CoSMoS
85,2bfdf7374c8c4bbaa7181efe98a8e25f,1.75,100-yr,SLR=1.8m | 100-yr,0.72,22.11490821838379,TRUE,CoSMoS
88,d9d79ded405b9e361d65292878106ee2,1.75,100-yr,SLR=1.8m | 100-yr,0.86,22.58365249633789,TRUE,CoSMoS
89,b60fd96b598ea779713dadd50eec1981,1.75,100-yr,SLR=1.8m | 100-yr,1.17,22.76919937133789,TRUE,CoSMoS
90,4e1c06780290656a45fae01576405545,1.75,100-yr,SLR=1.8m | 100-yr,0.2,22.660682678222656,TRUE,CoSMoS
91,36a89c7d09161752ab705b07e2ddbe73,1.75,100-yr,SLR=1.8m | 100-yr,0.75,22.607948303222656,TRUE,CoSMoS
93,bbf6fc2a9aec00a3780ed5c5d4db6759,1.75,100-yr,SLR=1.8m | 100-yr,1.11,22.97234344482422,TRUE,CoSMoS
94,5a3be30199394130a88d0b5148f0f24c,1.75,100-yr,SLR=1.8m | 100-yr,1.02,23.10972023010254,TRUE,CoSMoS
95,1481d2cba83d67f62612ec6043fe47b3,1.75,100-yr,SLR=1.8m | 100-yr,0.98,23.189807891845703,TRUE,CoSMoS
96,b462f58e761e5f3c9c9e5a5d781e505a,1.75,100-yr,SLR=1.8m | 100-yr,0.92,23.27618408203125,TRUE,CoSMoS
97,745d257d4efd4cd1ba102a4b538c67e8,1.75,100-yr,SLR=1.8m | 100-yr,0.73,24.381616592407227,TRUE,CoSMoS
98,15a54683d8a643d8f5cc47a2d8c7e936,1.75,100-yr,SLR=1.8m | 100-yr,1.33,24.850000381469727,TRUE,CoSMoS
99,56520faaa42881bdc6a324b7a5e2502f,1.75,100-yr,SLR=1.8m | 100-yr,1.46,24.850000381469727,TRUE,CoSMoS
100,64b9b5ab991ea7e2fa4cb5096fcd813c,1.75,100-yr,SLR=1.8m | 100-yr,1.19,24.850000381469727,TRUE,CoSMoS
101,7154de47f0001ba146ad1ae5a62ee863,1.75,100-yr,SLR=1.8m | 100-yr,1.99,24.850000381469727,TRUE,CoSMoS
102,0d7b8f794fa3082a7c03026dec856247,1.75,100-yr,SLR=1.8m | 100-yr,1.99,24.850000381469727,TRUE,CoSMoS
103,6e0abbe95021795de4e36b121e68a5da,1.75,100-yr,SLR=1.8m | 100-yr,1.3,24.842304229736328,TRUE,CoSMoS
104,d2b603896c62fe2a05a5fd2b2856fc67,1.75,100-yr,SLR=1.8m | 100-yr,1.24,24.77861976623535,TRUE,CoSMoS
105,ae410f3f37648dc35b771f5aab1e56d4,1.75,100-yr,SLR=1.8m | 100-yr,1.85,24.78215789794922,TRUE,CoSMoS
106,73954a6c37f948edfa2617a91452cf8d,1.75,100-yr,SLR=1.8m | 100-yr,1.71,24.782379150390625,TRUE,CoSMoS
107,1ff31dc4768a9158d9473f7ded2e923a,1.75,100-yr,SLR=1.8m | 100-yr,1.21,24.819671630859375,TRUE,CoSMoS
108,a084010d87e39dd79f2dabdd6931549a,1.75,100-yr,SLR=1.8m | 100-yr,1.54,24.15211296081543,TRUE,CoSMoS
109,330d0a0121adcdb385166b1fa14e3cec,1.75,100-yr,SLR=1.8m | 100-yr,1.47,23.764446258544922,TRUE,CoSMoS
110,104937a524980ecc2f672d7a542309ce,1.75,100-yr,SLR=1.8m | 100-yr,1.71,23.59381866455078,TRUE,CoSMoS
2,869b893718c34c2377679564cd7cd705,2,100-yr,SLR=2.0m | 100-yr,1.51,22.98283576965332,TRUE,CoSMoS
3,10e5c14b3b247bc4b07bb5b8fe680915,2,100-yr,SLR=2.0m | 100-yr,1.8,23.373985290527344,TRUE,CoSMoS
4,df5793d00b3dee7bc5de79f3adaa9fcb,2,100-yr,SLR=2.0m | 100-yr,1.28,21.74856185913086,TRUE,CoSMoS
5,7f0b8bc66ebf78e40799f7fc69f1127b,2,100-yr,SLR=2.0m | 100-yr,0.92,24.848215103149414,TRUE,CoSMoS
6,1f2e37dbca51abe543d735133f0cc643,2,100-yr,SLR=2.0m | 100-yr,1.38,24.850000381469727,TRUE,CoSMoS
7,41677f225fa7418f32714a2a094c1244,2,100-yr,SLR=2.0m | 100-yr,1.8,23.373985290527344,TRUE,CoSMoS
8,d619cea82bb12f088e086e781113f17f,2,100-yr,SLR=2.0m | 100-yr,1.5,24.734148025512695,TRUE,CoSMoS
9,4fadfb3c3591c1ad79a801cfa01370d6,2,100-yr,SLR=2.0m | 100-yr,1.5,24.734148025512695,TRUE,CoSMoS
10,c9005c10c424d0dfa8efef532052d8e9,2,100-yr,SLR=2.0m | 100-yr,0.9,24.84990882873535,TRUE,CoSMoS
11,590bc81e834ae987df8ea7a7c2c04bbf,2,100-yr,SLR=2.0m | 100-yr,1.3,23.234975814819336,TRUE,CoSMoS
12,f406818da8ebe8fcc4e58cae36781bf7,2,100-yr,SLR=2.0m | 100-yr,1.27,24.778568267822266,TRUE,CoSMoS
13,5e0031ecbf54e0627caf983b39c73dbd,2,100-yr,SLR=2.0m | 100-yr,1,24.850000381469727,TRUE,CoSMoS
14,0f956c6f09175e6f22794d56a759228a,2,100-yr,SLR=2.0m | 100-yr,1.54,24.779399871826172,TRUE,CoSMoS
15,b84a87b6270cbd89024e871a1b4dd896,2,100-yr,SLR=2.0m | 100-yr,0.97,24.849143981933594,TRUE,CoSMoS
16,a24ca6112f4bac3344317057b836aa82,2,100-yr,SLR=2.0m | 100-yr,1.5,24.734148025512695,TRUE,CoSMoS
17,891d7a19c8866d6a7f26c765b8ffa62e,2,100-yr,SLR=2.0m | 100-yr,1.53,24.850000381469727,TRUE,CoSMoS
18,71471ead165734f3c23829d2bfd89b19,2,100-yr,SLR=2.0m | 100-yr,1.5,24.734148025512695,TRUE,CoSMoS
19,fbed1d520e167857fcfba3028ae17d6e,2,100-yr,SLR=2.0m | 100-yr,1.38,24.746355056762695,TRUE,CoSMoS
20,521d913398ccc88ae5ef7b7f1e9f7cfd,2,100-yr,SLR=2.0m | 100-yr,1.5,24.734148025512695,TRUE,CoSMoS
21,7df87557da5a77296076ccb323bd5592,2,100-yr,SLR=2.0m | 100-yr,1.91,23.522804260253906,TRUE,CoSMoS
22,9187a1f1d8484ebe2254d1c53ab43503,2,100-yr,SLR=2.0m | 100-yr,1.5,24.734148025512695,TRUE,CoSMoS
23,50f16e8677b26f7f0ae07c2628d4a3f6,2,100-yr,SLR=2.0m | 100-yr,0.92,24.848215103149414,TRUE,CoSMoS
24,9ca78cce2abf111ff43097db3067f4bf,2,100-yr,SLR=2.0m | 100-yr,0.98,24.850000381469727,TRUE,CoSMoS
25,6560601a0d96fb4d507c8eb11887952e,2,100-yr,SLR=2.0m | 100-yr,0.01,23.391895294189453,FALSE,CoSMoS
26,39a7d437e8e27b45576cf29f6e28a33d,2,100-yr,SLR=2.0m | 100-yr,1.5,24.734148025512695,TRUE,CoSMoS
27,9c30fbdf740c818d20ede323c68ed454,2,100-yr,SLR=2.0m | 100-yr,2.59,24.7812557220459,TRUE,CoSMoS
28,a73075107dd3cb34000ee4708056cb3f,2,100-yr,SLR=2.0m | 100-yr,1.5,21.946470260620117,TRUE,CoSMoS
29,7f0dcaae670bce2af9a0278956636a12,2,100-yr,SLR=2.0m | 100-yr,1.01,21.932588577270508,TRUE,CoSMoS
30,f1685fa53e41991840a9cff8105898a0,2,100-yr,SLR=2.0m | 100-yr,1.8,23.373985290527344,TRUE,CoSMoS
31,bc49f4578caf3d4c87244cc6fc1432ac,2,100-yr,SLR=2.0m | 100-yr,1.8,23.373985290527344,TRUE,CoSMoS
32,b1abab57126ed2a9a88d737984c69b54,2,100-yr,SLR=2.0m | 100-yr,1.5,24.734148025512695,TRUE,CoSMoS
33,4c16214b63d783b88e1d00cc5aeeeedb,2,100-yr,SLR=2.0m | 100-yr,1.36,24.850000381469727,TRUE,CoSMoS
34,43cf192f76f781c71d1f0a86691b4b36,2,100-yr,SLR=2.0m | 100-yr,1.8,23.373985290527344,TRUE,CoSMoS
35,a3fe0a3b732049fd5e91b291c2c53c22,2,100-yr,SLR=2.0m | 100-yr,1.38,24.778568267822266,TRUE,CoSMoS
36,c0038cf971126a683f99570432c0eaf0,2,100-yr,SLR=2.0m | 100-yr,1.24,24.778568267822266,TRUE,CoSMoS
37,113c185fa7b30efe6c04b7a4a07276d0,2,100-yr,SLR=2.0m | 100-yr,1.39,24.778568267822266,TRUE,CoSMoS
38,6596a6ce95accc5a22d77a6eb1b0e396,2,100-yr,SLR=2.0m | 100-yr,1.44,24.809255599975586,TRUE,CoSMoS
39,d5911c0b500a7b58ba91843839ec4daf,2,100-yr,SLR=2.0m | 100-yr,0.16,18.029592514038086,TRUE,CoSMoS
40,7d47a9fffafa0aa2397c54b05c72e016,2,100-yr,SLR=2.0m | 100-yr,0.33,19.112302780151367,TRUE,CoSMoS
41,f91ee9ee83816276d39319a778cf2c80,2,100-yr,SLR=2.0m | 100-yr,0.01,20.28786849975586,FALSE,CoSMoS
42,073c60cc505c2d828817dfd84c52846e,2,100-yr,SLR=2.0m | 100-yr,1.51,24.59767723083496,TRUE,CoSMoS
43,2bce84df5699b910a213702877fb7879,2,100-yr,SLR=2.0m | 100-yr,0.47,22.53697967529297,TRUE,CoSMoS
44,4e20f1d2f1beaafe0b33fd8b63ee754d,2,100-yr,SLR=2.0m | 100-yr,1.06,22.542190551757812,TRUE,CoSMoS
45,862d3afe26c4e34e81aa8775f25a34e2,2,100-yr,SLR=2.0m | 100-yr,1.11,22.011123657226562,TRUE,CoSMoS
46,5fa404df6aa8eb519c17c3ef9b2f8641,2,100-yr,SLR=2.0m | 100-yr,1.36,21.916900634765625,TRUE,CoSMoS
47,e2e4cb936d41ce2a53d57604e0c8f138,2,100-yr,SLR=2.0m | 100-yr,1.1,21.120216369628906,TRUE,CoSMoS
48,3267ce5a6ef70cade696683c01ade678,2,100-yr,SLR=2.0m | 100-yr,1.01,20.988889694213867,TRUE,CoSMoS
49,75a17d216fabd33638ad4d4b11287948,2,100-yr,SLR=2.0m | 100-yr,1.61,20.63500213623047,TRUE,CoSMoS
50,9a075e84b4a27045bbf8e7d7f5ebdbc2,2,100-yr,SLR=2.0m | 100-yr,1.35,20.002033233642578,TRUE,CoSMoS
51,30e4d3cc266206e4c2ed30bd280e9354,2,100-yr,SLR=2.0m | 100-yr,1.21,19.5695743560791,TRUE,CoSMoS
52,dab93058d9ca11f6c6b9d83f3ff64f5d,2,100-yr,SLR=2.0m | 100-yr,0.49,20.56072235107422,TRUE,CoSMoS
54,1b6278ab5c2822e50d92a662a920f9cd,2,100-yr,SLR=2.0m | 100-yr,1.65,20.860681533813477,TRUE,CoSMoS
55,0045f368e49fe3280616cd2f946c2e4e,2,100-yr,SLR=2.0m | 100-yr,0.36,20.47894287109375,TRUE,CoSMoS
56,0f9172610ea7ad2104a6971a27e4e3cb,2,100-yr,SLR=2.0m | 100-yr,0.27,20.8690242767334,TRUE,CoSMoS
57,5d9c2a05a08558d55b02c0327b4df447,2,100-yr,SLR=2.0m | 100-yr,1.26,21.78331756591797,TRUE,CoSMoS
58,c37bb3af3bc962b23be05ede85a95227,2,100-yr,SLR=2.0m | 100-yr,1.65,22.737455368041992,TRUE,CoSMoS
59,2ba4ae8fb559982704ca2d60f5bcb2fa,2,100-yr,SLR=2.0m | 100-yr,1.2,21.86147689819336,TRUE,CoSMoS
60,4ad4c8215c6fffa3117985d90cffb766,2,100-yr,SLR=2.0m | 100-yr,1.24,21.26355743408203,TRUE,CoSMoS
61,671f697ca683fcd3dfef97963abd2555,2,100-yr,SLR=2.0m | 100-yr,1.47,21.476682662963867,TRUE,CoSMoS
62,74df5ff97da3e03e91c0f35f77505d09,2,100-yr,SLR=2.0m | 100-yr,1.36,22.603105545043945,TRUE,CoSMoS
64,8add8b2920677fb05a470dc45d0382e9,2,100-yr,SLR=2.0m | 100-yr,0.98,21.468320846557617,TRUE,CoSMoS
65,ebba21509473070bc68ac3bdc57e2b2f,2,100-yr,SLR=2.0m | 100-yr,1.35,20.995237350463867,TRUE,CoSMoS
66,91d61e1e74d514343173298aaad46962,2,100-yr,SLR=2.0m | 100-yr,1.18,22.415531158447266,TRUE,CoSMoS
67,13d20e9c7a4c67ce669c866c9c0c0b65,2,100-yr,SLR=2.0m | 100-yr,1.38,22.77762222290039,TRUE,CoSMoS
68,5dcd72919d0d813104e7c51b3d4f6aec,2,100-yr,SLR=2.0m | 100-yr,1.86,22.635183334350586,TRUE,CoSMoS
69,b3adec5d5bea4d9c3fa1e3464bbafa91,2,100-yr,SLR=2.0m | 100-yr,1.3,21.926164627075195,TRUE,CoSMoS
70,55516a1c7d482174944565881a6c4c1d,2,100-yr,SLR=2.0m | 100-yr,1.2,21.74099349975586,TRUE,CoSMoS
72,bb62c410dccc363d06e5ca7d03ee9451,2,100-yr,SLR=2.0m | 100-yr,0.06,21.887176513671875,FALSE,CoSMoS
73,e6c0dd8d88b208dacf2980e5cfbe47d0,2,100-yr,SLR=2.0m | 100-yr,1.11,22.085865020751953,TRUE,CoSMoS
74,6a163b810b84db5cf15faaaff015d72f,2,100-yr,SLR=2.0m | 100-yr,0.69,22.235687255859375,TRUE,CoSMoS
75,4ebd4dadd1ac24187bb48c91600c5bf7,2,100-yr,SLR=2.0m | 100-yr,0.97,22.250673294067383,TRUE,CoSMoS
76,16e7c6a3126e8054624d86ca0fffa966,2,100-yr,SLR=2.0m | 100-yr,1.2,22.49369239807129,TRUE,CoSMoS
77,4ca0c29f2b81ba4765ed75f5ea1f4463,2,100-yr,SLR=2.0m | 100-yr,1.75,22.337060928344727,TRUE,CoSMoS
78,dc7c86b51337c35a8f90e477f53f3340,2,100-yr,SLR=2.0m | 100-yr,1.18,21.742650985717773,TRUE,CoSMoS
79,970676448c402953014406951d3772fd,2,100-yr,SLR=2.0m | 100-yr,1.41,21.7410888671875,TRUE,CoSMoS
80,d6e5eca5b6ca3a0f7832eb2769464302,2,100-yr,SLR=2.0m | 100-yr,1.5,21.886049270629883,TRUE,CoSMoS
81,1e63e1365446d4a9a3a49fb69ae6a743,2,100-yr,SLR=2.0m | 100-yr,1.99,22.075422286987305,TRUE,CoSMoS
82,ec9891763c8b3865fe1cb0aef7d8808e,2,100-yr,SLR=2.0m | 100-yr,1.83,21.824228286743164,TRUE,CoSMoS
83,e313959d66f6c9b225346c79eefd5ead,2,100-yr,SLR=2.0m | 100-yr,2.06,24.849443435668945,TRUE,CoSMoS
84,f27c616eef80f4e7d72585d89e30b7f6,2,100-yr,SLR=2.0m | 100-yr,1.19,21.743680953979492,TRUE,CoSMoS
85,2bfdf7374c8c4bbaa7181efe98a8e25f,2,100-yr,SLR=2.0m | 100-yr,1.09,22.11490821838379,TRUE,CoSMoS
88,d9d79ded405b9e361d65292878106ee2,2,100-yr,SLR=2.0m | 100-yr,1.21,22.58365249633789,TRUE,CoSMoS
89,b60fd96b598ea779713dadd50eec1981,2,100-yr,SLR=2.0m | 100-yr,1.51,22.76919937133789,TRUE,CoSMoS
90,4e1c06780290656a45fae01576405545,2,100-yr,SLR=2.0m | 100-yr,0.52,22.660682678222656,TRUE,CoSMoS
91,36a89c7d09161752ab705b07e2ddbe73,2,100-yr,SLR=2.0m | 100-yr,1.06,22.607948303222656,TRUE,CoSMoS
92,ccab8a9f7186262864c1dab64f6ca380,2,100-yr,SLR=2.0m | 100-yr,0.12,22.621740341186523,FALSE,CoSMoS
93,bbf6fc2a9aec00a3780ed5c5d4db6759,2,100-yr,SLR=2.0m | 100-yr,1.39,22.97234344482422,TRUE,CoSMoS
94,5a3be30199394130a88d0b5148f0f24c,2,100-yr,SLR=2.0m | 100-yr,1.29,23.10972023010254,TRUE,CoSMoS
95,1481d2cba83d67f62612ec6043fe47b3,2,100-yr,SLR=2.0m | 100-yr,1.25,23.189807891845703,TRUE,CoSMoS
96,b462f58e761e5f3c9c9e5a5d781e505a,2,100-yr,SLR=2.0m | 100-yr,1.19,23.27618408203125,TRUE,CoSMoS
97,745d257d4efd4cd1ba102a4b538c67e8,2,100-yr,SLR=2.0m | 100-yr,1,24.381616592407227,TRUE,CoSMoS
98,15a54683d8a643d8f5cc47a2d8c7e936,2,100-yr,SLR=2.0m | 100-yr,1.58,24.850000381469727,TRUE,CoSMoS
99,56520faaa42881bdc6a324b7a5e2502f,2,100-yr,SLR=2.0m | 100-yr,1.71,24.850000381469727,TRUE,CoSMoS
100,64b9b5ab991ea7e2fa4cb5096fcd813c,2,100-yr,SLR=2.0m | 100-yr,1.41,24.850000381469727,TRUE,CoSMoS
101,7154de47f0001ba146ad1ae5a62ee863,2,100-yr,SLR=2.0m | 100-yr,2.21,24.850000381469727,TRUE,CoSMoS
102,0d7b8f794fa3082a7c03026dec856247,2,100-yr,SLR=2.0m | 100-yr,2.21,24.850000381469727,TRUE,CoSMoS
103,6e0abbe95021795de4e36b121e68a5da,2,100-yr,SLR=2.0m | 100-yr,1.52,24.842304229736328,TRUE,CoSMoS
104,d2b603896c62fe2a05a5fd2b2856fc67,2,100-yr,SLR=2.0m | 100-yr,1.4,24.77861976623535,TRUE,CoSMoS
105,ae410f3f37648dc35b771f5aab1e56d4,2,100-yr,SLR=2.0m | 100-yr,2.05,24.78215789794922,TRUE,CoSMoS
106,73954a6c37f948edfa2617a91452cf8d,2,100-yr,SLR=2.0m | 100-yr,1.91,24.782379150390625,TRUE,CoSMoS
107,1ff31dc4768a9158d9473f7ded2e923a,2,100-yr,SLR=2.0m | 100-yr,1.48,24.819671630859375,TRUE,CoSMoS
108,a084010d87e39dd79f2dabdd6931549a,2,100-yr,SLR=2.0m | 100-yr,1.8,24.15211296081543,TRUE,CoSMoS
109,330d0a0121adcdb385166b1fa14e3cec,2,100-yr,SLR=2.0m | 100-yr,1.73,23.764446258544922,TRUE,CoSMoS
110,104937a524980ecc2f672d7a542309ce,2,100-yr,SLR=2.0m | 100-yr,1.92,23.59381866455078,TRUE,CoSMoS
1,2803f561186ffd0eac314fb0ea1a34d7,5,100-yr,SLR=5.0m | 100-yr,2.1,24.498394012451172,TRUE,CoSMoS
2,869b893718c34c2377679564cd7cd705,5,100-yr,SLR=5.0m | 100-yr,3.7,24.314876556396484,TRUE,CoSMoS
3,10e5c14b3b247bc4b07bb5b8fe680915,5,100-yr,SLR=5.0m | 100-yr,3.58,24.351350784301758,TRUE,CoSMoS
4,df5793d00b3dee7bc5de79f3adaa9fcb,5,100-yr,SLR=5.0m | 100-yr,4.03,24.14497947692871,TRUE,CoSMoS
5,7f0b8bc66ebf78e40799f7fc69f1127b,5,100-yr,SLR=5.0m | 100-yr,3.77,24.256132125854492,TRUE,CoSMoS
6,1f2e37dbca51abe543d735133f0cc643,5,100-yr,SLR=5.0m | 100-yr,4,24.49994468688965,TRUE,CoSMoS
7,41677f225fa7418f32714a2a094c1244,5,100-yr,SLR=5.0m | 100-yr,3.58,24.351350784301758,TRUE,CoSMoS
8,d619cea82bb12f088e086e781113f17f,5,100-yr,SLR=5.0m | 100-yr,4.1,24.16423225402832,TRUE,CoSMoS
9,4fadfb3c3591c1ad79a801cfa01370d6,5,100-yr,SLR=5.0m | 100-yr,4.1,24.16423225402832,TRUE,CoSMoS
10,c9005c10c424d0dfa8efef532052d8e9,5,100-yr,SLR=5.0m | 100-yr,3.74,24.243104934692383,TRUE,CoSMoS
11,590bc81e834ae987df8ea7a7c2c04bbf,5,100-yr,SLR=5.0m | 100-yr,3.29,24.318744659423828,TRUE,CoSMoS
12,f406818da8ebe8fcc4e58cae36781bf7,5,100-yr,SLR=5.0m | 100-yr,3.96,24.421083450317383,TRUE,CoSMoS
13,5e0031ecbf54e0627caf983b39c73dbd,5,100-yr,SLR=5.0m | 100-yr,3.85,24.338008880615234,TRUE,CoSMoS
14,0f956c6f09175e6f22794d56a759228a,5,100-yr,SLR=5.0m | 100-yr,4.33,24.27733039855957,TRUE,CoSMoS
15,b84a87b6270cbd89024e871a1b4dd896,5,100-yr,SLR=5.0m | 100-yr,3.82,24.30168342590332,TRUE,CoSMoS
16,a24ca6112f4bac3344317057b836aa82,5,100-yr,SLR=5.0m | 100-yr,4.1,24.16423225402832,TRUE,CoSMoS
17,891d7a19c8866d6a7f26c765b8ffa62e,5,100-yr,SLR=5.0m | 100-yr,3.51,24.512849807739258,TRUE,CoSMoS
18,71471ead165734f3c23829d2bfd89b19,5,100-yr,SLR=5.0m | 100-yr,4.1,24.16423225402832,TRUE,CoSMoS
19,fbed1d520e167857fcfba3028ae17d6e,5,100-yr,SLR=5.0m | 100-yr,3.99,24.158912658691406,TRUE,CoSMoS
20,521d913398ccc88ae5ef7b7f1e9f7cfd,5,100-yr,SLR=5.0m | 100-yr,4.1,24.16423225402832,TRUE,CoSMoS
21,7df87557da5a77296076ccb323bd5592,5,100-yr,SLR=5.0m | 100-yr,3.69,24.355947494506836,TRUE,CoSMoS
22,9187a1f1d8484ebe2254d1c53ab43503,5,100-yr,SLR=5.0m | 100-yr,4.1,24.16423225402832,TRUE,CoSMoS
23,50f16e8677b26f7f0ae07c2628d4a3f6,5,100-yr,SLR=5.0m | 100-yr,3.77,24.256132125854492,TRUE,CoSMoS
24,9ca78cce2abf111ff43097db3067f4bf,5,100-yr,SLR=5.0m | 100-yr,3.82,24.291257858276367,TRUE,CoSMoS
25,6560601a0d96fb4d507c8eb11887952e,5,100-yr,SLR=5.0m | 100-yr,1.85,24.530532836914062,TRUE,CoSMoS
26,39a7d437e8e27b45576cf29f6e28a33d,5,100-yr,SLR=5.0m | 100-yr,4.1,24.16423225402832,TRUE,CoSMoS
27,9c30fbdf740c818d20ede323c68ed454,5,100-yr,SLR=5.0m | 100-yr,4.89,24.51129913330078,TRUE,CoSMoS
28,a73075107dd3cb34000ee4708056cb3f,5,100-yr,SLR=5.0m | 100-yr,4.37,24.325180053710938,TRUE,CoSMoS
29,7f0dcaae670bce2af9a0278956636a12,5,100-yr,SLR=5.0m | 100-yr,3.73,24.47528076171875,TRUE,CoSMoS
30,f1685fa53e41991840a9cff8105898a0,5,100-yr,SLR=5.0m | 100-yr,3.58,24.351350784301758,TRUE,CoSMoS
31,bc49f4578caf3d4c87244cc6fc1432ac,5,100-yr,SLR=5.0m | 100-yr,3.58,24.351350784301758,TRUE,CoSMoS
32,b1abab57126ed2a9a88d737984c69b54,5,100-yr,SLR=5.0m | 100-yr,4.1,24.16423225402832,TRUE,CoSMoS
33,4c16214b63d783b88e1d00cc5aeeeedb,5,100-yr,SLR=5.0m | 100-yr,4.09,24.489913940429688,TRUE,CoSMoS
34,43cf192f76f781c71d1f0a86691b4b36,5,100-yr,SLR=5.0m | 100-yr,3.58,24.351350784301758,TRUE,CoSMoS
35,a3fe0a3b732049fd5e91b291c2c53c22,5,100-yr,SLR=5.0m | 100-yr,3.56,24.48641586303711,TRUE,CoSMoS
36,c0038cf971126a683f99570432c0eaf0,5,100-yr,SLR=5.0m | 100-yr,3.9,24.41745948791504,TRUE,CoSMoS
37,113c185fa7b30efe6c04b7a4a07276d0,5,100-yr,SLR=5.0m | 100-yr,3.72,24.456771850585938,TRUE,CoSMoS
38,6596a6ce95accc5a22d77a6eb1b0e396,5,100-yr,SLR=5.0m | 100-yr,4.1,24.3072509765625,TRUE,CoSMoS
39,d5911c0b500a7b58ba91843839ec4daf,5,100-yr,SLR=5.0m | 100-yr,2.4,24.189512252807617,TRUE,CoSMoS
40,7d47a9fffafa0aa2397c54b05c72e016,5,100-yr,SLR=5.0m | 100-yr,3.09,24.850000381469727,TRUE,CoSMoS
41,f91ee9ee83816276d39319a778cf2c80,5,100-yr,SLR=5.0m | 100-yr,2.8,24.850000381469727,TRUE,CoSMoS
42,073c60cc505c2d828817dfd84c52846e,5,100-yr,SLR=5.0m | 100-yr,4.21,24.84554100036621,TRUE,CoSMoS
43,2bce84df5699b910a213702877fb7879,5,100-yr,SLR=5.0m | 100-yr,3.13,24.642759323120117,TRUE,CoSMoS
44,4e20f1d2f1beaafe0b33fd8b63ee754d,5,100-yr,SLR=5.0m | 100-yr,3.73,24.331621170043945,TRUE,CoSMoS
45,862d3afe26c4e34e81aa8775f25a34e2,5,100-yr,SLR=5.0m | 100-yr,3.95,24.03124237060547,TRUE,CoSMoS
46,5fa404df6aa8eb519c17c3ef9b2f8641,5,100-yr,SLR=5.0m | 100-yr,4.13,24.154184341430664,TRUE,CoSMoS
47,e2e4cb936d41ce2a53d57604e0c8f138,5,100-yr,SLR=5.0m | 100-yr,3.96,24.109542846679688,TRUE,CoSMoS
48,3267ce5a6ef70cade696683c01ade678,5,100-yr,SLR=5.0m | 100-yr,3.5,24.09739112854004,TRUE,CoSMoS
49,75a17d216fabd33638ad4d4b11287948,5,100-yr,SLR=5.0m | 100-yr,4.48,24.109018325805664,TRUE,CoSMoS
50,9a075e84b4a27045bbf8e7d7f5ebdbc2,5,100-yr,SLR=5.0m | 100-yr,4.22,24.176876068115234,TRUE,CoSMoS
51,30e4d3cc266206e4c2ed30bd280e9354,5,100-yr,SLR=5.0m | 100-yr,3.65,24.220367431640625,TRUE,CoSMoS
52,dab93058d9ca11f6c6b9d83f3ff64f5d,5,100-yr,SLR=5.0m | 100-yr,3.22,24.165456771850586,TRUE,CoSMoS
53,ba30bf3c79091b7ba488c17422013653,5,100-yr,SLR=5.0m | 100-yr,2.83,24.209516525268555,TRUE,CoSMoS
54,1b6278ab5c2822e50d92a662a920f9cd,5,100-yr,SLR=5.0m | 100-yr,4.53,24.08579444885254,TRUE,CoSMoS
55,0045f368e49fe3280616cd2f946c2e4e,5,100-yr,SLR=5.0m | 100-yr,3.19,24.14811134338379,TRUE,CoSMoS
56,0f9172610ea7ad2104a6971a27e4e3cb,5,100-yr,SLR=5.0m | 100-yr,3.14,24.250083923339844,TRUE,CoSMoS
57,5d9c2a05a08558d55b02c0327b4df447,5,100-yr,SLR=5.0m | 100-yr,4.13,24.178043365478516,TRUE,CoSMoS
58,c37bb3af3bc962b23be05ede85a95227,5,100-yr,SLR=5.0m | 100-yr,4.46,24.282804489135742,TRUE,CoSMoS
59,2ba4ae8fb559982704ca2d60f5bcb2fa,5,100-yr,SLR=5.0m | 100-yr,4.08,24.244401931762695,TRUE,CoSMoS
60,4ad4c8215c6fffa3117985d90cffb766,5,100-yr,SLR=5.0m | 100-yr,3.86,24.3145809173584,TRUE,CoSMoS
61,671f697ca683fcd3dfef97963abd2555,5,100-yr,SLR=5.0m | 100-yr,4.05,24.400171279907227,TRUE,CoSMoS
62,74df5ff97da3e03e91c0f35f77505d09,5,100-yr,SLR=5.0m | 100-yr,3.97,24.352218627929688,TRUE,CoSMoS
63,981e181177c7d813a55294a9033caae4,5,100-yr,SLR=5.0m | 100-yr,2.71,24.337814331054688,TRUE,CoSMoS
64,8add8b2920677fb05a470dc45d0382e9,5,100-yr,SLR=5.0m | 100-yr,3.67,24.397911071777344,TRUE,CoSMoS
65,ebba21509473070bc68ac3bdc57e2b2f,5,100-yr,SLR=5.0m | 100-yr,4.28,24.850000381469727,TRUE,CoSMoS
66,91d61e1e74d514343173298aaad46962,5,100-yr,SLR=5.0m | 100-yr,4.09,24.850000381469727,TRUE,CoSMoS
67,13d20e9c7a4c67ce669c866c9c0c0b65,5,100-yr,SLR=5.0m | 100-yr,4.27,24.850000381469727,TRUE,CoSMoS
68,5dcd72919d0d813104e7c51b3d4f6aec,5,100-yr,SLR=5.0m | 100-yr,4.76,24.850000381469727,TRUE,CoSMoS
69,b3adec5d5bea4d9c3fa1e3464bbafa91,5,100-yr,SLR=5.0m | 100-yr,3.94,24.850000381469727,TRUE,CoSMoS
70,55516a1c7d482174944565881a6c4c1d,5,100-yr,SLR=5.0m | 100-yr,4.09,24.849674224853516,TRUE,CoSMoS
72,bb62c410dccc363d06e5ca7d03ee9451,5,100-yr,SLR=5.0m | 100-yr,1.96,24.766077041625977,TRUE,CoSMoS
73,e6c0dd8d88b208dacf2980e5cfbe47d0,5,100-yr,SLR=5.0m | 100-yr,3.84,24.43028450012207,TRUE,CoSMoS
74,6a163b810b84db5cf15faaaff015d72f,5,100-yr,SLR=5.0m | 100-yr,3.58,24.43314552307129,TRUE,CoSMoS
75,4ebd4dadd1ac24187bb48c91600c5bf7,5,100-yr,SLR=5.0m | 100-yr,3.69,24.440265655517578,TRUE,CoSMoS
76,16e7c6a3126e8054624d86ca0fffa966,5,100-yr,SLR=5.0m | 100-yr,2.33,24.428977966308594,TRUE,CoSMoS
77,4ca0c29f2b81ba4765ed75f5ea1f4463,5,100-yr,SLR=5.0m | 100-yr,2.81,24.39630889892578,TRUE,CoSMoS
78,dc7c86b51337c35a8f90e477f53f3340,5,100-yr,SLR=5.0m | 100-yr,3.65,24.320068359375,TRUE,CoSMoS
79,970676448c402953014406951d3772fd,5,100-yr,SLR=5.0m | 100-yr,4.16,24.373777389526367,TRUE,CoSMoS
80,d6e5eca5b6ca3a0f7832eb2769464302,5,100-yr,SLR=5.0m | 100-yr,4.37,24.392194747924805,TRUE,CoSMoS
81,1e63e1365446d4a9a3a49fb69ae6a743,5,100-yr,SLR=5.0m | 100-yr,4.87,24.386621475219727,TRUE,CoSMoS
82,ec9891763c8b3865fe1cb0aef7d8808e,5,100-yr,SLR=5.0m | 100-yr,4.55,24.4212703704834,TRUE,CoSMoS
83,e313959d66f6c9b225346c79eefd5ead,5,100-yr,SLR=5.0m | 100-yr,4.9,24.179033279418945,TRUE,CoSMoS
84,f27c616eef80f4e7d72585d89e30b7f6,5,100-yr,SLR=5.0m | 100-yr,3.67,24.211746215820312,TRUE,CoSMoS
85,2bfdf7374c8c4bbaa7181efe98a8e25f,5,100-yr,SLR=5.0m | 100-yr,3.98,24.37604522705078,TRUE,CoSMoS
86,8022d66317e1343f3527973ecbf15c0c,5,100-yr,SLR=5.0m | 100-yr,1.27,24.48905372619629,TRUE,CoSMoS
87,4dd909bd9cfd2082caf5632ec353b78a,5,100-yr,SLR=5.0m | 100-yr,1.01,24.497285842895508,TRUE,CoSMoS
88,d9d79ded405b9e361d65292878106ee2,5,100-yr,SLR=5.0m | 100-yr,3.97,24.315677642822266,TRUE,CoSMoS
89,b60fd96b598ea779713dadd50eec1981,5,100-yr,SLR=5.0m | 100-yr,4.2,24.176246643066406,TRUE,CoSMoS
90,4e1c06780290656a45fae01576405545,5,100-yr,SLR=5.0m | 100-yr,3.17,24.060565948486328,TRUE,CoSMoS
91,36a89c7d09161752ab705b07e2ddbe73,5,100-yr,SLR=5.0m | 100-yr,3.69,24.263853073120117,TRUE,CoSMoS
92,ccab8a9f7186262864c1dab64f6ca380,5,100-yr,SLR=5.0m | 100-yr,2.64,24.290416717529297,TRUE,CoSMoS
93,bbf6fc2a9aec00a3780ed5c5d4db6759,5,100-yr,SLR=5.0m | 100-yr,3.91,24.1881046295166,TRUE,CoSMoS
94,5a3be30199394130a88d0b5148f0f24c,5,100-yr,SLR=5.0m | 100-yr,3.76,24.194406509399414,TRUE,CoSMoS
95,1481d2cba83d67f62612ec6043fe47b3,5,100-yr,SLR=5.0m | 100-yr,3.71,24.257566452026367,TRUE,CoSMoS
96,b462f58e761e5f3c9c9e5a5d781e505a,5,100-yr,SLR=5.0m | 100-yr,3.8,24.36974334716797,TRUE,CoSMoS
97,745d257d4efd4cd1ba102a4b538c67e8,5,100-yr,SLR=5.0m | 100-yr,3.68,24.459415435791016,TRUE,CoSMoS
98,15a54683d8a643d8f5cc47a2d8c7e936,5,100-yr,SLR=5.0m | 100-yr,4.46,24.444812774658203,TRUE,CoSMoS
99,56520faaa42881bdc6a324b7a5e2502f,5,100-yr,SLR=5.0m | 100-yr,4.6,24.46493911743164,TRUE,CoSMoS
100,64b9b5ab991ea7e2fa4cb5096fcd813c,5,100-yr,SLR=5.0m | 100-yr,3.5,24.54450225830078,TRUE,CoSMoS
101,7154de47f0001ba146ad1ae5a62ee863,5,100-yr,SLR=5.0m | 100-yr,4.54,24.47615623474121,TRUE,CoSMoS
102,0d7b8f794fa3082a7c03026dec856247,5,100-yr,SLR=5.0m | 100-yr,4.54,24.47615623474121,TRUE,CoSMoS
103,6e0abbe95021795de4e36b121e68a5da,5,100-yr,SLR=5.0m | 100-yr,4.34,24.40544319152832,TRUE,CoSMoS
104,d2b603896c62fe2a05a5fd2b2856fc67,5,100-yr,SLR=5.0m | 100-yr,4.18,24.262361526489258,TRUE,CoSMoS
105,ae410f3f37648dc35b771f5aab1e56d4,5,100-yr,SLR=5.0m | 100-yr,4.77,24.223888397216797,TRUE,CoSMoS
106,73954a6c37f948edfa2617a91452cf8d,5,100-yr,SLR=5.0m | 100-yr,4.38,24.50348663330078,TRUE,CoSMoS
107,1ff31dc4768a9158d9473f7ded2e923a,5,100-yr,SLR=5.0m | 100-yr,4.11,24.20211410522461,TRUE,CoSMoS
108,a084010d87e39dd79f2dabdd6931549a,5,100-yr,SLR=5.0m | 100-yr,4.3,24.296310424804688,TRUE,CoSMoS
109,330d0a0121adcdb385166b1fa14e3cec,5,100-yr,SLR=5.0m | 100-yr,4.07,24.290328979492188,TRUE,CoSMoS
110,104937a524980ecc2f672d7a542309ce,5,100-yr,SLR=5.0m | 100-yr,3.72,24.359920501708984,TRUE,CoSMoS
