parameter_set,scenario,rental_yield,discount_rate,damage_threshold,owner_utility,storm_scenario,total_parcels,immediate_retreat,immediate_pct,early_retreat,early_pct,mid_retreat,mid_pct,late_retreat,late_pct,no_retreat,no_retreat_pct,median_retreat,mean_retreat,properties_retreat,total_value_at_risk_millions
baseline,High,0.05,0.02,0.15,0,w000,113,0,0,0,0,15,13.3,85,75.2,13,11.5,75,72.08,100,446.9
baseline,Intermediate,0.05,0.02,0.15,0,w000,113,0,0,0,0,0,0,7,6.2,106,93.8,96,90.57142857142857,7,27.4
baseline,Intermediate_High,0.05,0.02,0.15,0,w000,113,0,0,0,0,2,1.8,32,28.3,79,69.9,86.5,79.6470588235294,34,239
y4_d1.5_t0_u0_w000,High,0.04,0.015,0,0,w000,113,6,5.3,6,5.3,27,23.9,69,61.1,5,4.4,57,57,108,506.9
y4_d1.5_t0_u0_w000,Intermediate,0.04,0.015,0,0,w000,113,0,0,0,0,1,0.9,12,10.6,100,88.5,82,81.23076923076923,13,65.1
y4_d1.5_t0_u0_w000,Intermediate_High,0.04,0.015,0,0,w000,113,0,0,3,2.7,7,6.2,49,43.4,54,47.8,73,71.23728813559322,59,354.6
y4_d1.5_t0_u0_w100,High,0.04,0.015,0,0,w100,113,29,25.7,32,28.3,33,29.2,16,14.2,3,2.7,23,27.936363636363637,110,558.9
y4_d1.5_t0_u0_w100,Intermediate,0.04,0.015,0,0,w100,113,5,4.4,0,0,0,0,38,33.6,70,61.9,84,76.6046511627907,43,146.5
y4_d1.5_t0_u0_w100,Intermediate_High,0.04,0.015,0,0,w100,113,8,7.1,9,8,30,26.5,52,46,14,12.4,51,49.292929292929294,99,439.6
y4_d1.5_t0_u25_w000,High,0.04,0.015,0,25000,w000,113,0,0,5,4.4,16,14.2,68,60.2,24,21.2,68,66.20224719101124,89,485.1
y4_d1.5_t0_u25_w000,Intermediate,0.04,0.015,0,25000,w000,113,0,0,0,0,0,0,7,6.2,106,93.8,87,83.57142857142857,7,40.5
y4_d1.5_t0_u25_w000,Intermediate_High,0.04,0.015,0,25000,w000,113,0,0,0,0,6,5.3,33,29.2,74,65.5,77,74.51282051282051,39,289.9
y4_d1.5_t0_u25_w100,High,0.04,0.015,0,25000,w100,113,10,8.8,13,11.5,40,35.4,46,40.7,4,3.5,45,45.72477064220183,109,546.4
y4_d1.5_t0_u25_w100,Intermediate,0.04,0.015,0,25000,w100,113,1,0.9,1,0.9,0,0,20,17.7,91,80.5,90.5,81.9090909090909,22,120.3
y4_d1.5_t0_u25_w100,Intermediate_High,0.04,0.015,0,25000,w100,113,4,3.5,1,0.9,17,15,67,59.3,24,21.2,68,64.25842696629213,89,411
y4_d1.5_t0_u50_w000,High,0.04,0.015,0,50000,w000,113,0,0,1,0.9,17,15,57,50.4,38,33.6,74,69.84,75,450.3
y4_d1.5_t0_u50_w000,Intermediate,0.04,0.015,0,50000,w000,113,0,0,0,0,0,0,6,5.3,107,94.7,92.5,91.66666666666667,6,37.6
y4_d1.5_t0_u50_w000,Intermediate_High,0.04,0.015,0,50000,w000,113,0,0,0,0,1,0.9,28,24.8,84,74.3,74,74.65517241379311,29,251.3
y4_d1.5_t0_u50_w100,High,0.04,0.015,0,50000,w100,113,6,5.3,7,6.2,32,28.3,61,54,7,6.2,55,57.27358490566038,106,538.8
y4_d1.5_t0_u50_w100,Intermediate,0.04,0.015,0,50000,w100,113,1,0.9,0,0,0,0,11,9.7,101,89.4,89.5,80.33333333333333,12,68
y4_d1.5_t0_u50_w100,Intermediate_High,0.04,0.015,0,50000,w100,113,2,1.8,2,1.8,6,5.3,56,49.6,47,41.6,69.5,66.13636363636364,66,385.4
y4_d1.5_t15_u0_w000,High,0.04,0.015,0.15,0,w000,113,4,3.5,8,7.1,27,23.9,69,61.1,5,4.4,57,57.28703703703704,108,506.9
y4_d1.5_t15_u0_w000,Intermediate,0.04,0.015,0.15,0,w000,113,0,0,0,0,1,0.9,12,10.6,100,88.5,82,81.23076923076923,13,65.1
y4_d1.5_t15_u0_w000,Intermediate_High,0.04,0.015,0.15,0,w000,113,0,0,3,2.7,7,6.2,49,43.4,54,47.8,73,71.32203389830508,59,354.6
y4_d1.5_t15_u0_w100,High,0.04,0.015,0.15,0,w100,113,28,24.8,33,29.2,33,29.2,16,14.2,3,2.7,23.5,28.345454545454544,110,558.9
y4_d1.5_t15_u0_w100,Intermediate,0.04,0.015,0.15,0,w100,113,5,4.4,0,0,0,0,38,33.6,70,61.9,84,76.6046511627907,43,146.5
y4_d1.5_t15_u0_w100,Intermediate_High,0.04,0.015,0.15,0,w100,113,8,7.1,3,2.7,36,31.9,52,46,14,12.4,52,49.91919191919192,99,439.6
y4_d1.5_t15_u25_w000,High,0.04,0.015,0.15,25000,w000,113,0,0,5,4.4,16,14.2,68,60.2,24,21.2,68,66.28089887640449,89,485.1
y4_d1.5_t15_u25_w000,Intermediate,0.04,0.015,0.15,25000,w000,113,0,0,0,0,0,0,7,6.2,106,93.8,87,83.57142857142857,7,40.5
y4_d1.5_t15_u25_w000,Intermediate_High,0.04,0.015,0.15,25000,w000,113,0,0,0,0,5,4.4,34,30.1,74,65.5,77,74.53846153846153,39,289.9
y4_d1.5_t15_u25_w100,High,0.04,0.015,0.15,25000,w100,113,10,8.8,13,11.5,40,35.4,46,40.7,4,3.5,46,45.93577981651376,109,546.4
y4_d1.5_t15_u25_w100,Intermediate,0.04,0.015,0.15,25000,w100,113,1,0.9,1,0.9,0,0,20,17.7,91,80.5,90.5,81.9090909090909,22,120.3
y4_d1.5_t15_u25_w100,Intermediate_High,0.04,0.015,0.15,25000,w100,113,4,3.5,1,0.9,17,15,67,59.3,24,21.2,68,64.32584269662921,89,411
y4_d1.5_t15_u50_w000,High,0.04,0.015,0.15,50000,w000,113,0,0,0,0,17,15,58,51.3,38,33.6,74,69.97333333333333,75,450.3
y4_d1.5_t15_u50_w000,Intermediate,0.04,0.015,0.15,50000,w000,113,0,0,0,0,0,0,6,5.3,107,94.7,92.5,91.66666666666667,6,37.6
y4_d1.5_t15_u50_w000,Intermediate_High,0.04,0.015,0.15,50000,w000,113,0,0,0,0,1,0.9,28,24.8,84,74.3,74,74.65517241379311,29,251.3
y4_d1.5_t15_u50_w100,High,0.04,0.015,0.15,50000,w100,113,6,5.3,7,6.2,31,27.4,62,54.9,7,6.2,55,57.405660377358494,106,538.8
y4_d1.5_t15_u50_w100,Intermediate,0.04,0.015,0.15,50000,w100,113,1,0.9,0,0,0,0,11,9.7,101,89.4,89.5,80.33333333333333,12,68
y4_d1.5_t15_u50_w100,Intermediate_High,0.04,0.015,0.15,50000,w100,113,2,1.8,2,1.8,6,5.3,56,49.6,47,41.6,69.5,66.18181818181819,66,385.4
y4_d1.5_t30_u0_w000,High,0.04,0.015,0.3,0,w000,113,2,1.8,10,8.8,25,22.1,71,62.8,5,4.4,58,58.19444444444444,108,506.9
y4_d1.5_t30_u0_w000,Intermediate,0.04,0.015,0.3,0,w000,113,0,0,0,0,0,0,13,11.5,100,88.5,82,81.61538461538461,13,65.1
y4_d1.5_t30_u0_w000,Intermediate_High,0.04,0.015,0.3,0,w000,113,0,0,2,1.8,8,7.1,49,43.4,54,47.8,74,71.98305084745763,59,354.6
y4_d1.5_t30_u0_w100,High,0.04,0.015,0.3,0,w100,113,27,23.9,31,27.4,36,31.9,16,14.2,3,2.7,24.5,29.118181818181817,110,558.9
y4_d1.5_t30_u0_w100,Intermediate,0.04,0.015,0.3,0,w100,113,5,4.4,0,0,0,0,38,33.6,70,61.9,84,76.65116279069767,43,146.5
y4_d1.5_t30_u0_w100,Intermediate_High,0.04,0.015,0.3,0,w100,113,6,5.3,4,3.5,35,31,54,47.8,14,12.4,53,51.333333333333336,99,439.6
y4_d1.5_t30_u25_w000,High,0.04,0.015,0.3,25000,w000,113,0,0,5,4.4,16,14.2,68,60.2,24,21.2,68,66.65168539325843,89,485.1
y4_d1.5_t30_u25_w000,Intermediate,0.04,0.015,0.3,25000,w000,113,0,0,0,0,0,0,7,6.2,106,93.8,87,83.71428571428571,7,40.5
y4_d1.5_t30_u25_w000,Intermediate_High,0.04,0.015,0.3,25000,w000,113,0,0,0,0,4,3.5,35,31,74,65.5,77,74.82051282051282,39,289.9
y4_d1.5_t30_u25_w100,High,0.04,0.015,0.3,25000,w100,113,9,8,12,10.6,41,36.3,47,41.6,4,3.5,46,46.53211009174312,109,546.4
y4_d1.5_t30_u25_w100,Intermediate,0.04,0.015,0.3,25000,w100,113,1,0.9,1,0.9,0,0,20,17.7,91,80.5,90.5,81.9090909090909,22,120.3
y4_d1.5_t30_u25_w100,Intermediate_High,0.04,0.015,0.3,25000,w100,113,4,3.5,1,0.9,14,12.4,70,61.9,24,21.2,69,65.01123595505618,89,411
y4_d1.5_t30_u50_w000,High,0.04,0.015,0.3,50000,w000,113,0,0,0,0,16,14.2,59,52.2,38,33.6,74,70.16,75,450.3
y4_d1.5_t30_u50_w000,Intermediate,0.04,0.015,0.3,50000,w000,113,0,0,0,0,0,0,6,5.3,107,94.7,92.5,91.66666666666667,6,37.6
y4_d1.5_t30_u50_w000,Intermediate_High,0.04,0.015,0.3,50000,w000,113,0,0,0,0,1,0.9,28,24.8,84,74.3,75,74.89655172413794,29,251.3
y4_d1.5_t30_u50_w100,High,0.04,0.015,0.3,50000,w100,113,6,5.3,6,5.3,32,28.3,62,54.9,7,6.2,55,57.764150943396224,106,538.8
y4_d1.5_t30_u50_w100,Intermediate,0.04,0.015,0.3,50000,w100,113,1,0.9,0,0,0,0,11,9.7,101,89.4,89.5,80.33333333333333,12,68
y4_d1.5_t30_u50_w100,Intermediate_High,0.04,0.015,0.3,50000,w100,113,2,1.8,2,1.8,6,5.3,56,49.6,47,41.6,69.5,66.51515151515152,66,385.4
y4_d2.0_t0_u0_w000,High,0.04,0.02,0,0,w000,113,1,0.9,9,8,27,23.9,71,62.8,5,4.4,58,59.074074074074076,108,506.9
y4_d2.0_t0_u0_w000,Intermediate,0.04,0.02,0,0,w000,113,0,0,0,0,0,0,13,11.5,100,88.5,83,82,13,65.1
y4_d2.0_t0_u0_w000,Intermediate_High,0.04,0.02,0,0,w000,113,0,0,1,0.9,9,8,49,43.4,54,47.8,74,72.28813559322033,59,354.6
y4_d2.0_t0_u0_w100,High,0.04,0.02,0,0,w100,113,22,19.5,24,21.2,48,42.5,16,14.2,3,2.7,29,32.3,110,558.9
y4_d2.0_t0_u0_w100,Intermediate,0.04,0.02,0,0,w100,113,3,2.7,2,1.8,0,0,38,33.6,70,61.9,85,77.74418604651163,43,146.5
y4_d2.0_t0_u0_w100,Intermediate_High,0.04,0.02,0,0,w100,113,5,4.4,5,4.4,34,30.1,55,48.7,14,12.4,54,51.72727272727273,99,439.6
y4_d2.0_t0_u25_w000,High,0.04,0.02,0,25000,w000,113,0,0,1,0.9,19,16.8,69,61.1,24,21.2,70,67.62921348314607,89,485.1
y4_d2.0_t0_u25_w000,Intermediate,0.04,0.02,0,25000,w000,113,0,0,0,0,0,0,7,6.2,106,93.8,87,84,7,40.5
y4_d2.0_t0_u25_w000,Intermediate_High,0.04,0.02,0,25000,w000,113,0,0,0,0,4,3.5,35,31,74,65.5,78,75.23076923076923,39,289.9
y4_d2.0_t0_u25_w100,High,0.04,0.02,0,25000,w100,113,6,5.3,12,10.6,41,36.3,50,44.2,4,3.5,48,48.41284403669725,109,546.4
y4_d2.0_t0_u25_w100,Intermediate,0.04,0.02,0,25000,w100,113,1,0.9,1,0.9,0,0,20,17.7,91,80.5,90.5,82.18181818181819,22,120.3
y4_d2.0_t0_u25_w100,Intermediate_High,0.04,0.02,0,25000,w100,113,4,3.5,0,0,13,11.5,72,63.7,24,21.2,69,65.49438202247191,89,411
y4_d2.0_t0_u50_w000,High,0.04,0.02,0,50000,w000,113,0,0,0,0,15,13.3,60,53.1,38,33.6,75,71.02666666666667,75,450.3
y4_d2.0_t0_u50_w000,Intermediate,0.04,0.02,0,50000,w000,113,0,0,0,0,0,0,6,5.3,107,94.7,92.5,91.66666666666667,6,37.6
y4_d2.0_t0_u50_w000,Intermediate_High,0.04,0.02,0,50000,w000,113,0,0,0,0,1,0.9,28,24.8,84,74.3,75,75.20689655172414,29,251.3
y4_d2.0_t0_u50_w100,High,0.04,0.02,0,50000,w100,113,4,3.5,3,2.7,35,31,64,56.6,7,6.2,56,59.18867924528302,106,538.8
y4_d2.0_t0_u50_w100,Intermediate,0.04,0.02,0,50000,w100,113,1,0.9,0,0,0,0,11,9.7,101,89.4,89.5,80.66666666666667,12,68
y4_d2.0_t0_u50_w100,Intermediate_High,0.04,0.02,0,50000,w100,113,1,0.9,2,1.8,6,5.3,57,50.4,47,41.6,70.5,67.27272727272727,66,385.4
y4_d2.0_t15_u0_w000,High,0.04,0.02,0.15,0,w000,113,1,0.9,9,8,27,23.9,71,62.8,5,4.4,58,59.351851851851855,108,506.9
y4_d2.0_t15_u0_w000,Intermediate,0.04,0.02,0.15,0,w000,113,0,0,0,0,0,0,13,11.5,100,88.5,83,82,13,65.1
y4_d2.0_t15_u0_w000,Intermediate_High,0.04,0.02,0.15,0,w000,113,0,0,0,0,10,8.8,49,43.4,54,47.8,74,72.44067796610169,59,354.6
y4_d2.0_t15_u0_w100,High,0.04,0.02,0.15,0,w100,113,22,19.5,23,20.4,49,43.4,16,14.2,3,2.7,29.5,32.845454545454544,110,558.9
y4_d2.0_t15_u0_w100,Intermediate,0.04,0.02,0.15,0,w100,113,3,2.7,2,1.8,0,0,38,33.6,70,61.9,85,77.74418604651163,43,146.5
y4_d2.0_t15_u0_w100,Intermediate_High,0.04,0.02,0.15,0,w100,113,5,4.4,5,4.4,33,29.2,56,49.6,14,12.4,54,52.333333333333336,99,439.6
y4_d2.0_t15_u25_w000,High,0.04,0.02,0.15,25000,w000,113,0,0,1,0.9,18,15.9,70,61.9,24,21.2,70,67.73033707865169,89,485.1
y4_d2.0_t15_u25_w000,Intermediate,0.04,0.02,0.15,25000,w000,113,0,0,0,0,0,0,7,6.2,106,93.8,87,84,7,40.5
y4_d2.0_t15_u25_w000,Intermediate_High,0.04,0.02,0.15,25000,w000,113,0,0,0,0,4,3.5,35,31,74,65.5,78,75.25641025641026,39,289.9
y4_d2.0_t15_u25_w100,High,0.04,0.02,0.15,25000,w100,113,6,5.3,11,9.7,41,36.3,51,45.1,4,3.5,49,48.71559633027523,109,546.4
y4_d2.0_t15_u25_w100,Intermediate,0.04,0.02,0.15,25000,w100,113,1,0.9,1,0.9,0,0,20,17.7,91,80.5,90.5,82.18181818181819,22,120.3
y4_d2.0_t15_u25_w100,Intermediate_High,0.04,0.02,0.15,25000,w100,113,4,3.5,0,0,13,11.5,72,63.7,24,21.2,69,65.56179775280899,89,411
y4_d2.0_t15_u50_w000,High,0.04,0.02,0.15,50000,w000,113,0,0,0,0,15,13.3,60,53.1,38,33.6,75,71.10666666666667,75,450.3
y4_d2.0_t15_u50_w000,Intermediate,0.04,0.02,0.15,50000,w000,113,0,0,0,0,0,0,6,5.3,107,94.7,92.5,91.66666666666667,6,37.6
y4_d2.0_t15_u50_w000,Intermediate_High,0.04,0.02,0.15,50000,w000,113,0,0,0,0,1,0.9,28,24.8,84,74.3,75,75.3103448275862,29,251.3
y4_d2.0_t15_u50_w100,High,0.04,0.02,0.15,50000,w100,113,4,3.5,3,2.7,35,31,64,56.6,7,6.2,56.5,59.29245283018868,106,538.8
y4_d2.0_t15_u50_w100,Intermediate,0.04,0.02,0.15,50000,w100,113,1,0.9,0,0,0,0,11,9.7,101,89.4,89.5,80.66666666666667,12,68
y4_d2.0_t15_u50_w100,Intermediate_High,0.04,0.02,0.15,50000,w100,113,1,0.9,2,1.8,5,4.4,58,51.3,47,41.6,70.5,67.33333333333333,66,385.4
y4_d2.0_t30_u0_w000,High,0.04,0.02,0.3,0,w000,113,1,0.9,8,7.1,27,23.9,72,63.7,5,4.4,59,60.111111111111114,108,506.9
y4_d2.0_t30_u0_w000,Intermediate,0.04,0.02,0.3,0,w000,113,0,0,0,0,0,0,13,11.5,100,88.5,83,82.15384615384616,13,65.1
y4_d2.0_t30_u0_w000,Intermediate_High,0.04,0.02,0.3,0,w000,113,0,0,0,0,10,8.8,49,43.4,54,47.8,75,72.91525423728814,59,354.6
y4_d2.0_t30_u0_w100,High,0.04,0.02,0.3,0,w100,113,13,11.5,30,26.5,51,45.1,16,14.2,3,2.7,30.5,33.79090909090909,110,558.9
y4_d2.0_t30_u0_w100,Intermediate,0.04,0.02,0.3,0,w100,113,3,2.7,2,1.8,0,0,38,33.6,70,61.9,85,77.79069767441861,43,146.5
y4_d2.0_t30_u0_w100,Intermediate_High,0.04,0.02,0.3,0,w100,113,5,4.4,3,2.7,33,29.2,58,51.3,14,12.4,55,53.696969696969695,99,439.6
y4_d2.0_t30_u25_w000,High,0.04,0.02,0.3,25000,w000,113,0,0,1,0.9,16,14.2,72,63.7,24,21.2,70,68.02247191011236,89,485.1
y4_d2.0_t30_u25_w000,Intermediate,0.04,0.02,0.3,25000,w000,113,0,0,0,0,0,0,7,6.2,106,93.8,87,84,7,40.5
y4_d2.0_t30_u25_w000,Intermediate_High,0.04,0.02,0.3,25000,w000,113,0,0,0,0,4,3.5,35,31,74,65.5,78,75.53846153846153,39,289.9
y4_d2.0_t30_u25_w100,High,0.04,0.02,0.3,25000,w100,113,6,5.3,9,8,42,37.2,52,46,4,3.5,49,49.19266055045872,109,546.4
y4_d2.0_t30_u25_w100,Intermediate,0.04,0.02,0.3,25000,w100,113,1,0.9,1,0.9,0,0,20,17.7,91,80.5,90.5,82.18181818181819,22,120.3
y4_d2.0_t30_u25_w100,Intermediate_High,0.04,0.02,0.3,25000,w100,113,4,3.5,0,0,12,10.6,73,64.6,24,21.2,70,66.11235955056179,89,411
y4_d2.0_t30_u50_w000,High,0.04,0.02,0.3,50000,w000,113,0,0,0,0,14,12.4,61,54,38,33.6,75,71.30666666666667,75,450.3
y4_d2.0_t30_u50_w000,Intermediate,0.04,0.02,0.3,50000,w000,113,0,0,0,0,0,0,6,5.3,107,94.7,92.5,91.66666666666667,6,37.6
y4_d2.0_t30_u50_w000,Intermediate_High,0.04,0.02,0.3,50000,w000,113,0,0,0,0,1,0.9,28,24.8,84,74.3,75,75.58620689655173,29,251.3
y4_d2.0_t30_u50_w100,High,0.04,0.02,0.3,50000,w100,113,4,3.5,3,2.7,32,28.3,67,59.3,7,6.2,57,59.65094339622642,106,538.8
y4_d2.0_t30_u50_w100,Intermediate,0.04,0.02,0.3,50000,w100,113,1,0.9,0,0,0,0,11,9.7,101,89.4,89.5,80.66666666666667,12,68
y4_d2.0_t30_u50_w100,Intermediate_High,0.04,0.02,0.3,50000,w100,113,1,0.9,2,1.8,5,4.4,58,51.3,47,41.6,70.5,67.60606060606061,66,385.4
y4_d3.0_t0_u0_w000,High,0.04,0.03,0,0,w000,113,0,0,3,2.7,24,21.2,81,71.7,5,4.4,60,62.175925925925924,108,506.9
y4_d3.0_t0_u0_w000,Intermediate,0.04,0.03,0,0,w000,113,0,0,0,0,0,0,13,11.5,100,88.5,83,82.76923076923077,13,65.1
y4_d3.0_t0_u0_w000,Intermediate_High,0.04,0.03,0,0,w000,113,0,0,0,0,7,6.2,52,46,54,47.8,75,73.66101694915254,59,354.6
y4_d3.0_t0_u0_w100,High,0.04,0.03,0,0,w100,113,8,7.1,16,14.2,69,61.1,17,15,3,2.7,37,39.24545454545454,110,558.9
y4_d3.0_t0_u0_w100,Intermediate,0.04,0.03,0,0,w100,113,3,2.7,0,0,2,1.8,38,33.6,70,61.9,85,79.06976744186046,43,146.5
y4_d3.0_t0_u0_w100,Intermediate_High,0.04,0.03,0,0,w100,113,5,4.4,0,0,24,21.2,70,61.9,14,12.4,57,55.38383838383838,99,439.6
y4_d3.0_t0_u25_w000,High,0.04,0.03,0,25000,w000,113,0,0,0,0,16,14.2,73,64.6,24,21.2,71,69.74157303370787,89,485.1
y4_d3.0_t0_u25_w000,Intermediate,0.04,0.03,0,25000,w000,113,0,0,0,0,0,0,7,6.2,106,93.8,87,84.42857142857143,7,40.5
y4_d3.0_t0_u25_w000,Intermediate_High,0.04,0.03,0,25000,w000,113,0,0,0,0,3,2.7,36,31.9,74,65.5,78,76.43589743589743,39,289.9
y4_d3.0_t0_u25_w100,High,0.04,0.03,0,25000,w100,113,4,3.5,5,4.4,42,37.2,58,51.3,4,3.5,52,52.42201834862385,109,546.4
y4_d3.0_t0_u25_w100,Intermediate,0.04,0.03,0,25000,w100,113,1,0.9,1,0.9,0,0,20,17.7,91,80.5,91,82.77272727272727,22,120.3
y4_d3.0_t0_u25_w100,Intermediate_High,0.04,0.03,0,25000,w100,113,2,1.8,2,1.8,9,8,76,67.3,24,21.2,71,67.7752808988764,89,411
y4_d3.0_t0_u50_w000,High,0.04,0.03,0,50000,w000,113,0,0,0,0,12,10.6,63,55.8,38,33.6,76,72.81333333333333,75,450.3
y4_d3.0_t0_u50_w000,Intermediate,0.04,0.03,0,50000,w000,113,0,0,0,0,0,0,6,5.3,107,94.7,92.5,92,6,37.6
y4_d3.0_t0_u50_w000,Intermediate_High,0.04,0.03,0,50000,w000,113,0,0,0,0,0,0,29,25.7,84,74.3,76,76.3103448275862,29,251.3
y4_d3.0_t0_u50_w100,High,0.04,0.03,0,50000,w100,113,2,1.8,3,2.7,30,26.5,71,62.8,7,6.2,59,62.18867924528302,106,538.8
y4_d3.0_t0_u50_w100,Intermediate,0.04,0.03,0,50000,w100,113,1,0.9,0,0,0,0,11,9.7,101,89.4,90,81.08333333333333,12,68
y4_d3.0_t0_u50_w100,Intermediate_High,0.04,0.03,0,50000,w100,113,1,0.9,0,0,6,5.3,59,52.2,47,41.6,71.5,69.16666666666667,66,385.4
y4_d3.0_t15_u0_w000,High,0.04,0.03,0.15,0,w000,113,0,0,3,2.7,24,21.2,81,71.7,5,4.4,60,62.388888888888886,108,506.9
y4_d3.0_t15_u0_w000,Intermediate,0.04,0.03,0.15,0,w000,113,0,0,0,0,0,0,13,11.5,100,88.5,83,82.76923076923077,13,65.1
y4_d3.0_t15_u0_w000,Intermediate_High,0.04,0.03,0.15,0,w000,113,0,0,0,0,7,6.2,52,46,54,47.8,75,73.83050847457628,59,354.6
y4_d3.0_t15_u0_w100,High,0.04,0.03,0.15,0,w100,113,8,7.1,16,14.2,67,59.3,19,16.8,3,2.7,37.5,39.663636363636364,110,558.9
y4_d3.0_t15_u0_w100,Intermediate,0.04,0.03,0.15,0,w100,113,3,2.7,0,0,2,1.8,38,33.6,70,61.9,85,79.06976744186046,43,146.5
y4_d3.0_t15_u0_w100,Intermediate_High,0.04,0.03,0.15,0,w100,113,5,4.4,0,0,24,21.2,70,61.9,14,12.4,57,55.696969696969695,99,439.6
y4_d3.0_t15_u25_w000,High,0.04,0.03,0.15,25000,w000,113,0,0,0,0,15,13.3,74,65.5,24,21.2,71,69.86516853932584,89,485.1
y4_d3.0_t15_u25_w000,Intermediate,0.04,0.03,0.15,25000,w000,113,0,0,0,0,0,0,7,6.2,106,93.8,87,84.42857142857143,7,40.5
y4_d3.0_t15_u25_w000,Intermediate_High,0.04,0.03,0.15,25000,w000,113,0,0,0,0,3,2.7,36,31.9,74,65.5,78,76.48717948717949,39,289.9
y4_d3.0_t15_u25_w100,High,0.04,0.03,0.15,25000,w100,113,4,3.5,5,4.4,42,37.2,58,51.3,4,3.5,52,52.62385321100918,109,546.4
y4_d3.0_t15_u25_w100,Intermediate,0.04,0.03,0.15,25000,w100,113,1,0.9,1,0.9,0,0,20,17.7,91,80.5,91,82.77272727272727,22,120.3
y4_d3.0_t15_u25_w100,Intermediate_High,0.04,0.03,0.15,25000,w100,113,2,1.8,2,1.8,9,8,76,67.3,24,21.2,71,67.82022471910112,89,411
y4_d3.0_t15_u50_w000,High,0.04,0.03,0.15,50000,w000,113,0,0,0,0,12,10.6,63,55.8,38,33.6,76,72.89333333333333,75,450.3
y4_d3.0_t15_u50_w000,Intermediate,0.04,0.03,0.15,50000,w000,113,0,0,0,0,0,0,6,5.3,107,94.7,92.5,92,6,37.6
y4_d3.0_t15_u50_w000,Intermediate_High,0.04,0.03,0.15,50000,w000,113,0,0,0,0,0,0,29,25.7,84,74.3,76,76.34482758620689,29,251.3
y4_d3.0_t15_u50_w100,High,0.04,0.03,0.15,50000,w100,113,2,1.8,3,2.7,30,26.5,71,62.8,7,6.2,59,62.235849056603776,106,538.8
y4_d3.0_t15_u50_w100,Intermediate,0.04,0.03,0.15,50000,w100,113,1,0.9,0,0,0,0,11,9.7,101,89.4,90,81.08333333333333,12,68
y4_d3.0_t15_u50_w100,Intermediate_High,0.04,0.03,0.15,50000,w100,113,1,0.9,0,0,6,5.3,59,52.2,47,41.6,71.5,69.18181818181819,66,385.4
y4_d3.0_t30_u0_w000,High,0.04,0.03,0.3,0,w000,113,0,0,3,2.7,19,16.8,86,76.1,5,4.4,60,63.092592592592595,108,506.9
y4_d3.0_t30_u0_w000,Intermediate,0.04,0.03,0.3,0,w000,113,0,0,0,0,0,0,13,11.5,100,88.5,83,82.84615384615384,13,65.1
y4_d3.0_t30_u0_w000,Intermediate_High,0.04,0.03,0.3,0,w000,113,0,0,0,0,7,6.2,52,46,54,47.8,75,74.30508474576271,59,354.6
y4_d3.0_t30_u0_w100,High,0.04,0.03,0.3,0,w100,113,6,5.3,17,15,65,57.5,22,19.5,3,2.7,38,40.57272727272727,110,558.9
y4_d3.0_t30_u0_w100,Intermediate,0.04,0.03,0.3,0,w100,113,3,2.7,0,0,2,1.8,38,33.6,70,61.9,85,79.09302325581395,43,146.5
y4_d3.0_t30_u0_w100,Intermediate_High,0.04,0.03,0.3,0,w100,113,5,4.4,0,0,23,20.4,71,62.8,14,12.4,59,56.98989898989899,99,439.6
y4_d3.0_t30_u25_w000,High,0.04,0.03,0.3,25000,w000,113,0,0,0,0,15,13.3,74,65.5,24,21.2,72,70.0561797752809,89,485.1
y4_d3.0_t30_u25_w000,Intermediate,0.04,0.03,0.3,25000,w000,113,0,0,0,0,0,0,7,6.2,106,93.8,87,84.42857142857143,7,40.5
y4_d3.0_t30_u25_w000,Intermediate_High,0.04,0.03,0.3,25000,w000,113,0,0,0,0,3,2.7,36,31.9,74,65.5,78,76.6923076923077,39,289.9
y4_d3.0_t30_u25_w100,High,0.04,0.03,0.3,25000,w100,113,4,3.5,4,3.5,39,34.5,62,54.9,4,3.5,53,53.091743119266056,109,546.4
y4_d3.0_t30_u25_w100,Intermediate,0.04,0.03,0.3,25000,w100,113,1,0.9,1,0.9,0,0,20,17.7,91,80.5,91,82.77272727272727,22,120.3
y4_d3.0_t30_u25_w100,Intermediate_High,0.04,0.03,0.3,25000,w100,113,2,1.8,2,1.8,8,7.1,77,68.1,24,21.2,71,68.23595505617978,89,411
y4_d3.0_t30_u50_w000,High,0.04,0.03,0.3,50000,w000,113,0,0,0,0,12,10.6,63,55.8,38,33.6,76,73.01333333333334,75,450.3
y4_d3.0_t30_u50_w000,Intermediate,0.04,0.03,0.3,50000,w000,113,0,0,0,0,0,0,6,5.3,107,94.7,92.5,92,6,37.6
y4_d3.0_t30_u50_w000,Intermediate_High,0.04,0.03,0.3,50000,w000,113,0,0,0,0,0,0,29,25.7,84,74.3,76,76.55172413793103,29,251.3
y4_d3.0_t30_u50_w100,High,0.04,0.03,0.3,50000,w100,113,2,1.8,2,1.8,28,24.8,74,65.5,7,6.2,59,62.556603773584904,106,538.8
y4_d3.0_t30_u50_w100,Intermediate,0.04,0.03,0.3,50000,w100,113,1,0.9,0,0,0,0,11,9.7,101,89.4,90,81.08333333333333,12,68
y4_d3.0_t30_u50_w100,Intermediate_High,0.04,0.03,0.3,50000,w100,113,1,0.9,0,0,5,4.4,60,53.1,47,41.6,71.5,69.4090909090909,66,385.4
y5_d1.5_t0_u0_w000,High,0.05,0.015,0,0,w000,113,0,0,1,0.9,15,13.3,84,74.3,13,11.5,74.5,71.13,100,446.9
y5_d1.5_t0_u0_w000,Intermediate,0.05,0.015,0,0,w000,113,0,0,0,0,0,0,7,6.2,106,93.8,95,90.14285714285714,7,27.4
y5_d1.5_t0_u0_w000,Intermediate_High,0.05,0.015,0,0,w000,113,0,0,0,0,2,1.8,32,28.3,79,69.9,86.5,79.20588235294117,34,239
y5_d1.5_t0_u0_w100,High,0.05,0.015,0,0,w100,113,6,5.3,16,14.2,49,43.4,36,31.9,6,5.3,43,44.1588785046729,107,500.9
y5_d1.5_t0_u0_w100,Intermediate,0.05,0.015,0,0,w100,113,1,0.9,0,0,1,0.9,17,15,94,83.2,94,83.6842105263158,19,64.4
y5_d1.5_t0_u0_w100,Intermediate_High,0.05,0.015,0,0,w100,113,2,1.8,3,2.7,15,13.3,74,65.5,19,16.8,66,64.06382978723404,94,413.6
y5_d1.5_t0_u25_w000,High,0.05,0.015,0,25000,w000,113,0,0,0,0,12,10.6,61,54,40,35.4,78,73.63013698630137,73,403.7
y5_d1.5_t0_u25_w000,Intermediate,0.05,0.015,0,25000,w000,113,0,0,0,0,0,0,2,1.8,111,98.2,92,92,2,7.4
y5_d1.5_t0_u25_w000,Intermediate_High,0.05,0.015,0,25000,w000,113,0,0,0,0,0,0,22,19.5,91,80.5,76,77.22727272727273,22,194
y5_d1.5_t0_u25_w100,High,0.05,0.015,0,25000,w100,113,3,2.7,4,3.5,31,27.4,66,58.4,9,8,57,56.48076923076923,104,476.4
y5_d1.5_t0_u25_w100,Intermediate,0.05,0.015,0,25000,w100,113,0,0,0,0,1,0.9,8,7.1,104,92,92,86.55555555555556,9,37.3
y5_d1.5_t0_u25_w100,Intermediate_High,0.05,0.015,0,25000,w100,113,1,0.9,0,0,6,5.3,70,61.9,36,31.9,77,74.12987012987013,77,396.7
y5_d1.5_t0_u50_w000,High,0.05,0.015,0,50000,w000,113,0,0,0,0,5,4.4,54,47.8,54,47.8,79,75.27118644067797,59,379.1
y5_d1.5_t0_u50_w000,Intermediate,0.05,0.015,0,50000,w000,113,0,0,0,0,0,0,1,0.9,112,99.1,93,93,1,4
y5_d1.5_t0_u50_w000,Intermediate_High,0.05,0.015,0,50000,w000,113,0,0,0,0,0,0,18,15.9,95,84.1,83.5,83.38888888888889,18,174.8
y5_d1.5_t0_u50_w100,High,0.05,0.015,0,50000,w100,113,1,0.9,2,1.8,24,21.2,66,58.4,20,17.7,63,63.68817204301075,93,444.7
y5_d1.5_t0_u50_w100,Intermediate,0.05,0.015,0,50000,w100,113,0,0,0,0,0,0,4,3.5,109,96.5,93,87,4,22
y5_d1.5_t0_u50_w100,Intermediate_High,0.05,0.015,0,50000,w100,113,1,0.9,0,0,3,2.7,55,48.7,54,47.8,78,76.44067796610169,59,368.4
y5_d1.5_t15_u0_w000,High,0.05,0.015,0.15,0,w000,113,0,0,1,0.9,15,13.3,84,74.3,13,11.5,74.5,71.19,100,446.9
y5_d1.5_t15_u0_w000,Intermediate,0.05,0.015,0.15,0,w000,113,0,0,0,0,0,0,7,6.2,106,93.8,95,90.14285714285714,7,27.4
y5_d1.5_t15_u0_w000,Intermediate_High,0.05,0.015,0.15,0,w000,113,0,0,0,0,2,1.8,32,28.3,79,69.9,86.5,79.20588235294117,34,239
y5_d1.5_t15_u0_w100,High,0.05,0.015,0.15,0,w100,113,6,5.3,15,13.3,50,44.2,36,31.9,6,5.3,43,44.495327102803735,107,500.9
y5_d1.5_t15_u0_w100,Intermediate,0.05,0.015,0.15,0,w100,113,1,0.9,0,0,1,0.9,17,15,94,83.2,94,83.6842105263158,19,64.4
y5_d1.5_t15_u0_w100,Intermediate_High,0.05,0.015,0.15,0,w100,113,2,1.8,3,2.7,15,13.3,74,65.5,19,16.8,66,64.08510638297872,94,413.6
y5_d1.5_t15_u25_w000,High,0.05,0.015,0.15,25000,w000,113,0,0,0,0,12,10.6,61,54,40,35.4,78,73.67123287671232,73,403.7
y5_d1.5_t15_u25_w000,Intermediate,0.05,0.015,0.15,25000,w000,113,0,0,0,0,0,0,2,1.8,111,98.2,92,92,2,7.4
y5_d1.5_t15_u25_w000,Intermediate_High,0.05,0.015,0.15,25000,w000,113,0,0,0,0,0,0,22,19.5,91,80.5,76,77.22727272727273,22,194
y5_d1.5_t15_u25_w100,High,0.05,0.015,0.15,25000,w100,113,3,2.7,4,3.5,30,26.5,67,59.3,9,8,57,56.52884615384615,104,476.4
y5_d1.5_t15_u25_w100,Intermediate,0.05,0.015,0.15,25000,w100,113,0,0,0,0,1,0.9,8,7.1,104,92,92,86.55555555555556,9,37.3
y5_d1.5_t15_u25_w100,Intermediate_High,0.05,0.015,0.15,25000,w100,113,1,0.9,0,0,6,5.3,70,61.9,36,31.9,77,74.12987012987013,77,396.7
y5_d1.5_t15_u50_w000,High,0.05,0.015,0.15,50000,w000,113,0,0,0,0,5,4.4,54,47.8,54,47.8,79,75.27118644067797,59,379.1
y5_d1.5_t15_u50_w000,Intermediate,0.05,0.015,0.15,50000,w000,113,0,0,0,0,0,0,1,0.9,112,99.1,93,93,1,4
y5_d1.5_t15_u50_w000,Intermediate_High,0.05,0.015,0.15,50000,w000,113,0,0,0,0,0,0,18,15.9,95,84.1,83.5,83.38888888888889,18,174.8
y5_d1.5_t15_u50_w100,High,0.05,0.015,0.15,50000,w100,113,1,0.9,2,1.8,24,21.2,66,58.4,20,17.7,63,63.72043010752688,93,444.7
y5_d1.5_t15_u50_w100,Intermediate,0.05,0.015,0.15,50000,w100,113,0,0,0,0,0,0,4,3.5,109,96.5,93,87,4,22
y5_d1.5_t15_u50_w100,Intermediate_High,0.05,0.015,0.15,50000,w100,113,1,0.9,0,0,3,2.7,55,48.7,54,47.8,78,76.44067796610169,59,368.4
y5_d1.5_t30_u0_w000,High,0.05,0.015,0.3,0,w000,113,0,0,1,0.9,14,12.4,85,75.2,13,11.5,74.5,71.32,100,446.9
y5_d1.5_t30_u0_w000,Intermediate,0.05,0.015,0.3,0,w000,113,0,0,0,0,0,0,7,6.2,106,93.8,95,90.14285714285714,7,27.4
y5_d1.5_t30_u0_w000,Intermediate_High,0.05,0.015,0.3,0,w000,113,0,0,0,0,2,1.8,32,28.3,79,69.9,86.5,79.29411764705883,34,239
y5_d1.5_t30_u0_w100,High,0.05,0.015,0.3,0,w100,113,5,4.4,9,8,57,50.4,36,31.9,6,5.3,44,45.18691588785047,107,500.9
y5_d1.5_t30_u0_w100,Intermediate,0.05,0.015,0.3,0,w100,113,1,0.9,0,0,1,0.9,17,15,94,83.2,94,83.6842105263158,19,64.4
y5_d1.5_t30_u0_w100,Intermediate_High,0.05,0.015,0.3,0,w100,113,2,1.8,3,2.7,14,12.4,75,66.4,19,16.8,66.5,64.6063829787234,94,413.6
y5_d1.5_t30_u25_w000,High,0.05,0.015,0.3,25000,w000,113,0,0,0,0,11,9.7,62,54.9,40,35.4,78,73.78082191780823,73,403.7
y5_d1.5_t30_u25_w000,Intermediate,0.05,0.015,0.3,25000,w000,113,0,0,0,0,0,0,2,1.8,111,98.2,92,92,2,7.4
y5_d1.5_t30_u25_w000,Intermediate_High,0.05,0.015,0.3,25000,w000,113,0,0,0,0,0,0,22,19.5,91,80.5,76,77.22727272727273,22,194
y5_d1.5_t30_u25_w100,High,0.05,0.015,0.3,25000,w100,113,3,2.7,3,2.7,28,24.8,70,61.9,9,8,58,56.91346153846154,104,476.4
y5_d1.5_t30_u25_w100,Intermediate,0.05,0.015,0.3,25000,w100,113,0,0,0,0,1,0.9,8,7.1,104,92,92,86.55555555555556,9,37.3
y5_d1.5_t30_u25_w100,Intermediate_High,0.05,0.015,0.3,25000,w100,113,1,0.9,0,0,5,4.4,71,62.8,36,31.9,77,74.1948051948052,77,396.7
y5_d1.5_t30_u50_w000,High,0.05,0.015,0.3,50000,w000,113,0,0,0,0,5,4.4,54,47.8,54,47.8,79,75.32203389830508,59,379.1
y5_d1.5_t30_u50_w000,Intermediate,0.05,0.015,0.3,50000,w000,113,0,0,0,0,0,0,1,0.9,112,99.1,93,93,1,4
y5_d1.5_t30_u50_w000,Intermediate_High,0.05,0.015,0.3,50000,w000,113,0,0,0,0,0,0,18,15.9,95,84.1,83.5,83.38888888888889,18,174.8
y5_d1.5_t30_u50_w100,High,0.05,0.015,0.3,50000,w100,113,1,0.9,2,1.8,24,21.2,66,58.4,20,17.7,63,63.903225806451616,93,444.7
y5_d1.5_t30_u50_w100,Intermediate,0.05,0.015,0.3,50000,w100,113,0,0,0,0,0,0,4,3.5,109,96.5,93,87,4,22
y5_d1.5_t30_u50_w100,Intermediate_High,0.05,0.015,0.3,50000,w100,113,1,0.9,0,0,3,2.7,55,48.7,54,47.8,78,76.44067796610169,59,368.4
y5_d2.0_t0_u0_w000,High,0.05,0.02,0,0,w000,113,0,0,0,0,15,13.3,85,75.2,13,11.5,75,72.05,100,446.9
y5_d2.0_t0_u0_w000,Intermediate,0.05,0.02,0,0,w000,113,0,0,0,0,0,0,7,6.2,106,93.8,96,90.57142857142857,7,27.4
y5_d2.0_t0_u0_w000,Intermediate_High,0.05,0.02,0,0,w000,113,0,0,0,0,2,1.8,32,28.3,79,69.9,86.5,79.6470588235294,34,239
y5_d2.0_t0_u0_w100,High,0.05,0.02,0,0,w100,113,5,4.4,6,5.3,58,51.3,38,33.6,6,5.3,46,46.8411214953271,107,500.9
y5_d2.0_t0_u0_w100,Intermediate,0.05,0.02,0,0,w100,113,1,0.9,0,0,1,0.9,17,15,94,83.2,94,83.78947368421052,19,64.4
y5_d2.0_t0_u0_w100,Intermediate_High,0.05,0.02,0,0,w100,113,1,0.9,3,2.7,15,13.3,75,66.4,19,16.8,67,65.38297872340425,94,413.6
y5_d2.0_t0_u25_w000,High,0.05,0.02,0,25000,w000,113,0,0,0,0,10,8.8,63,55.8,40,35.4,78,74.38356164383562,73,403.7
y5_d2.0_t0_u25_w000,Intermediate,0.05,0.02,0,25000,w000,113,0,0,0,0,0,0,2,1.8,111,98.2,92,92,2,7.4
y5_d2.0_t0_u25_w000,Intermediate_High,0.05,0.02,0,25000,w000,113,0,0,0,0,0,0,22,19.5,91,80.5,76.5,77.63636363636364,22,194
y5_d2.0_t0_u25_w100,High,0.05,0.02,0,25000,w100,113,2,1.8,2,1.8,28,24.8,72,63.7,9,8,59,58.29807692307692,104,476.4
y5_d2.0_t0_u25_w100,Intermediate,0.05,0.02,0,25000,w100,113,0,0,0,0,1,0.9,8,7.1,104,92,92,87.11111111111111,9,37.3
y5_d2.0_t0_u25_w100,Intermediate_High,0.05,0.02,0,25000,w100,113,1,0.9,0,0,4,3.5,72,63.7,36,31.9,78,74.87012987012987,77,396.7
y5_d2.0_t0_u50_w000,High,0.05,0.02,0,50000,w000,113,0,0,0,0,4,3.5,55,48.7,54,47.8,79,76.01694915254237,59,379.1
y5_d2.0_t0_u50_w000,Intermediate,0.05,0.02,0,50000,w000,113,0,0,0,0,0,0,1,0.9,112,99.1,93,93,1,4
y5_d2.0_t0_u50_w000,Intermediate_High,0.05,0.02,0,50000,w000,113,0,0,0,0,0,0,18,15.9,95,84.1,84,83.55555555555556,18,174.8
y5_d2.0_t0_u50_w100,High,0.05,0.02,0,50000,w100,113,1,0.9,1,0.9,21,18.6,70,61.9,20,17.7,64,64.95698924731182,93,444.7
y5_d2.0_t0_u50_w100,Intermediate,0.05,0.02,0,50000,w100,113,0,0,0,0,0,0,4,3.5,109,96.5,93,87.5,4,22
y5_d2.0_t0_u50_w100,Intermediate_High,0.05,0.02,0,50000,w100,113,1,0.9,0,0,2,1.8,56,49.6,54,47.8,78,77.08474576271186,59,368.4
y5_d2.0_t15_u0_w100,High,0.05,0.02,0.15,0,w100,113,5,4.4,6,5.3,58,51.3,38,33.6,6,5.3,46,47.1588785046729,107,500.9
y5_d2.0_t15_u0_w100,Intermediate,0.05,0.02,0.15,0,w100,113,1,0.9,0,0,1,0.9,17,15,94,83.2,94,83.78947368421052,19,64.4
y5_d2.0_t15_u0_w100,Intermediate_High,0.05,0.02,0.15,0,w100,113,1,0.9,3,2.7,14,12.4,76,67.3,19,16.8,67,65.41489361702128,94,413.6
y5_d2.0_t15_u25_w000,High,0.05,0.02,0.15,25000,w000,113,0,0,0,0,10,8.8,63,55.8,40,35.4,78,74.3972602739726,73,403.7
y5_d2.0_t15_u25_w000,Intermediate,0.05,0.02,0.15,25000,w000,113,0,0,0,0,0,0,2,1.8,111,98.2,92,92,2,7.4
y5_d2.0_t15_u25_w000,Intermediate_High,0.05,0.02,0.15,25000,w000,113,0,0,0,0,0,0,22,19.5,91,80.5,76.5,77.63636363636364,22,194
y5_d2.0_t15_u25_w100,High,0.05,0.02,0.15,25000,w100,113,2,1.8,2,1.8,28,24.8,72,63.7,9,8,59,58.34615384615385,104,476.4
y5_d2.0_t15_u25_w100,Intermediate,0.05,0.02,0.15,25000,w100,113,0,0,0,0,1,0.9,8,7.1,104,92,92,87.11111111111111,9,37.3
y5_d2.0_t15_u25_w100,Intermediate_High,0.05,0.02,0.15,25000,w100,113,1,0.9,0,0,4,3.5,72,63.7,36,31.9,78,74.87012987012987,77,396.7
y5_d2.0_t15_u50_w000,High,0.05,0.02,0.15,50000,w000,113,0,0,0,0,4,3.5,55,48.7,54,47.8,79,76.10169491525424,59,379.1
y5_d2.0_t15_u50_w000,Intermediate,0.05,0.02,0.15,50000,w000,113,0,0,0,0,0,0,1,0.9,112,99.1,93,93,1,4
y5_d2.0_t15_u50_w000,Intermediate_High,0.05,0.02,0.15,50000,w000,113,0,0,0,0,0,0,18,15.9,95,84.1,84,83.55555555555556,18,174.8
y5_d2.0_t15_u50_w100,High,0.05,0.02,0.15,50000,w100,113,1,0.9,1,0.9,20,17.7,71,62.8,20,17.7,64,65.01075268817205,93,444.7
y5_d2.0_t15_u50_w100,Intermediate,0.05,0.02,0.15,50000,w100,113,0,0,0,0,0,0,4,3.5,109,96.5,93,87.5,4,22
y5_d2.0_t15_u50_w100,Intermediate_High,0.05,0.02,0.15,50000,w100,113,1,0.9,0,0,2,1.8,56,49.6,54,47.8,78,77.08474576271186,59,368.4
y5_d2.0_t30_u0_w000,High,0.05,0.02,0.3,0,w000,113,0,0,0,0,13,11.5,87,77,13,11.5,75,72.23,100,446.9
y5_d2.0_t30_u0_w000,Intermediate,0.05,0.02,0.3,0,w000,113,0,0,0,0,0,0,7,6.2,106,93.8,96,90.57142857142857,7,27.4
y5_d2.0_t30_u0_w000,Intermediate_High,0.05,0.02,0.3,0,w000,113,0,0,0,0,2,1.8,32,28.3,79,69.9,86.5,79.76470588235294,34,239
y5_d2.0_t30_u0_w100,High,0.05,0.02,0.3,0,w100,113,5,4.4,5,4.4,58,51.3,39,34.5,6,5.3,46,47.6822429906542,107,500.9
y5_d2.0_t30_u0_w100,Intermediate,0.05,0.02,0.3,0,w100,113,1,0.9,0,0,1,0.9,17,15,94,83.2,94,83.78947368421052,19,64.4
y5_d2.0_t30_u0_w100,Intermediate_High,0.05,0.02,0.3,0,w100,113,1,0.9,3,2.7,7,6.2,83,73.5,19,16.8,67.5,65.76595744680851,94,413.6
y5_d2.0_t30_u25_w000,High,0.05,0.02,0.3,25000,w000,113,0,0,0,0,10,8.8,63,55.8,40,35.4,78,74.52054794520548,73,403.7
y5_d2.0_t30_u25_w000,Intermediate,0.05,0.02,0.3,25000,w000,113,0,0,0,0,0,0,2,1.8,111,98.2,92,92,2,7.4
y5_d2.0_t30_u25_w000,Intermediate_High,0.05,0.02,0.3,25000,w000,113,0,0,0,0,0,0,22,19.5,91,80.5,76.5,77.68181818181819,22,194
y5_d2.0_t30_u25_w100,High,0.05,0.02,0.3,25000,w100,113,2,1.8,2,1.8,27,23.9,73,64.6,9,8,59,58.61538461538461,104,476.4
y5_d2.0_t30_u25_w100,Intermediate,0.05,0.02,0.3,25000,w100,113,0,0,0,0,1,0.9,8,7.1,104,92,92,87.11111111111111,9,37.3
y5_d2.0_t30_u25_w100,Intermediate_High,0.05,0.02,0.3,25000,w100,113,1,0.9,0,0,4,3.5,72,63.7,36,31.9,78,74.8961038961039,77,396.7
y5_d2.0_t30_u50_w000,High,0.05,0.02,0.3,50000,w000,113,0,0,0,0,4,3.5,55,48.7,54,47.8,79,76.16949152542372,59,379.1
y5_d2.0_t30_u50_w000,Intermediate,0.05,0.02,0.3,50000,w000,113,0,0,0,0,0,0,1,0.9,112,99.1,93,93,1,4
y5_d2.0_t30_u50_w000,Intermediate_High,0.05,0.02,0.3,50000,w000,113,0,0,0,0,0,0,18,15.9,95,84.1,84,83.55555555555556,18,174.8
y5_d2.0_t30_u50_w100,High,0.05,0.02,0.3,50000,w100,113,1,0.9,1,0.9,20,17.7,71,62.8,20,17.7,64,65.13978494623656,93,444.7
y5_d2.0_t30_u50_w100,Intermediate,0.05,0.02,0.3,50000,w100,113,0,0,0,0,0,0,4,3.5,109,96.5,93,87.5,4,22
y5_d2.0_t30_u50_w100,Intermediate_High,0.05,0.02,0.3,50000,w100,113,1,0.9,0,0,2,1.8,56,49.6,54,47.8,78,77.08474576271186,59,368.4
y5_d3.0_t0_u0_w000,High,0.05,0.03,0,0,w000,113,0,0,0,0,11,9.7,89,78.8,13,11.5,76.5,73.7,100,446.9
y5_d3.0_t0_u0_w000,Intermediate,0.05,0.03,0,0,w000,113,0,0,0,0,0,0,7,6.2,106,93.8,96,90.71428571428571,7,27.4
y5_d3.0_t0_u0_w000,Intermediate_High,0.05,0.03,0,0,w000,113,0,0,0,0,2,1.8,32,28.3,79,69.9,87,80.52941176470588,34,239
y5_d3.0_t0_u0_w100,High,0.05,0.03,0,0,w100,113,2,1.8,3,2.7,50,44.2,52,46,6,5.3,50,51.06542056074766,107,500.9
y5_d3.0_t0_u0_w100,Intermediate,0.05,0.03,0,0,w100,113,1,0.9,0,0,1,0.9,17,15,94,83.2,94,84.26315789473684,19,64.4
y5_d3.0_t0_u0_w100,Intermediate_High,0.05,0.03,0,0,w100,113,1,0.9,1,0.9,7,6.2,85,75.2,19,16.8,68.5,67.44680851063829,94,413.6
y5_d3.0_t0_u25_w000,High,0.05,0.03,0,25000,w000,113,0,0,0,0,7,6.2,66,58.4,40,35.4,79,75.72602739726027,73,403.7
y5_d3.0_t0_u25_w000,Intermediate,0.05,0.03,0,25000,w000,113,0,0,0,0,0,0,2,1.8,111,98.2,92.5,92.5,2,7.4
y5_d3.0_t0_u25_w000,Intermediate_High,0.05,0.03,0,25000,w000,113,0,0,0,0,0,0,22,19.5,91,80.5,77,78.4090909090909,22,194
y5_d3.0_t0_u25_w100,High,0.05,0.03,0,25000,w100,113,1,0.9,3,2.7,23,20.4,77,68.1,9,8,61,60.92307692307692,104,476.4
y5_d3.0_t0_u25_w100,Intermediate,0.05,0.03,0,25000,w100,113,0,0,0,0,0,0,9,8,104,92,92,88,9,37.3
y5_d3.0_t0_u25_w100,Intermediate_High,0.05,0.03,0,25000,w100,113,1,0.9,0,0,3,2.7,73,64.6,36,31.9,78,76.05194805194805,77,396.7
y5_d3.0_t0_u50_w000,High,0.05,0.03,0,50000,w000,113,0,0,0,0,3,2.7,56,49.6,54,47.8,80,77.11864406779661,59,379.1
y5_d3.0_t0_u50_w000,Intermediate,0.05,0.03,0,50000,w000,113,0,0,0,0,0,0,1,0.9,112,99.1,93,93,1,4
y5_d3.0_t0_u50_w000,Intermediate_High,0.05,0.03,0,50000,w000,113,0,0,0,0,0,0,18,15.9,95,84.1,84,84.05555555555556,18,174.8
y5_d3.0_t0_u50_w100,High,0.05,0.03,0,50000,w100,113,1,0.9,0,0,17,15,75,66.4,20,17.7,66,67.02150537634408,93,444.7
y5_d3.0_t0_u50_w100,Intermediate,0.05,0.03,0,50000,w100,113,0,0,0,0,0,0,4,3.5,109,96.5,93,88,4,22
y5_d3.0_t0_u50_w100,Intermediate_High,0.05,0.03,0,50000,w100,113,0,0,1,0.9,1,0.9,57,50.4,54,47.8,79,78.35593220338983,59,368.4
y5_d3.0_t15_u0_w000,High,0.05,0.03,0.15,0,w000,113,0,0,0,0,11,9.7,89,78.8,13,11.5,76.5,73.74,100,446.9
y5_d3.0_t15_u0_w000,Intermediate,0.05,0.03,0.15,0,w000,113,0,0,0,0,0,0,7,6.2,106,93.8,96,90.71428571428571,7,27.4
y5_d3.0_t15_u0_w000,Intermediate_High,0.05,0.03,0.15,0,w000,113,0,0,0,0,2,1.8,32,28.3,79,69.9,87,80.52941176470588,34,239
y5_d3.0_t15_u0_w100,High,0.05,0.03,0.15,0,w100,113,2,1.8,3,2.7,49,43.4,53,46.9,6,5.3,50,51.3177570093458,107,500.9
y5_d3.0_t15_u0_w100,Intermediate,0.05,0.03,0.15,0,w100,113,1,0.9,0,0,1,0.9,17,15,94,83.2,94,84.26315789473684,19,64.4
y5_d3.0_t15_u0_w100,Intermediate_High,0.05,0.03,0.15,0,w100,113,1,0.9,1,0.9,7,6.2,85,75.2,19,16.8,68.5,67.44680851063829,94,413.6
y5_d3.0_t15_u25_w000,High,0.05,0.03,0.15,25000,w000,113,0,0,0,0,7,6.2,66,58.4,40,35.4,79,75.73972602739725,73,403.7
y5_d3.0_t15_u25_w000,Intermediate,0.05,0.03,0.15,25000,w000,113,0,0,0,0,0,0,2,1.8,111,98.2,92.5,92.5,2,7.4
y5_d3.0_t15_u25_w000,Intermediate_High,0.05,0.03,0.15,25000,w000,113,0,0,0,0,0,0,22,19.5,91,80.5,77,78.4090909090909,22,194
y5_d3.0_t15_u25_w100,High,0.05,0.03,0.15,25000,w100,113,1,0.9,3,2.7,22,19.5,78,69,9,8,61,60.97115384615385,104,476.4
y5_d3.0_t15_u25_w100,Intermediate,0.05,0.03,0.15,25000,w100,113,0,0,0,0,0,0,9,8,104,92,92,88,9,37.3
y5_d3.0_t15_u25_w100,Intermediate_High,0.05,0.03,0.15,25000,w100,113,1,0.9,0,0,3,2.7,73,64.6,36,31.9,78,76.05194805194805,77,396.7
y5_d3.0_t15_u50_w000,High,0.05,0.03,0.15,50000,w000,113,0,0,0,0,3,2.7,56,49.6,54,47.8,80,77.11864406779661,59,379.1
y5_d3.0_t15_u50_w000,Intermediate,0.05,0.03,0.15,50000,w000,113,0,0,0,0,0,0,1,0.9,112,99.1,93,93,1,4
y5_d3.0_t15_u50_w000,Intermediate_High,0.05,0.03,0.15,50000,w000,113,0,0,0,0,0,0,18,15.9,95,84.1,84,84.05555555555556,18,174.8
y5_d3.0_t15_u50_w100,High,0.05,0.03,0.15,50000,w100,113,1,0.9,0,0,17,15,75,66.4,20,17.7,66,67.05376344086021,93,444.7
y5_d3.0_t15_u50_w100,Intermediate,0.05,0.03,0.15,50000,w100,113,0,0,0,0,0,0,4,3.5,109,96.5,93,88,4,22
y5_d3.0_t15_u50_w100,Intermediate_High,0.05,0.03,0.15,50000,w100,113,0,0,1,0.9,1,0.9,57,50.4,54,47.8,79,78.35593220338983,59,368.4
y5_d3.0_t30_u0_w000,High,0.05,0.03,0.3,0,w000,113,0,0,0,0,11,9.7,89,78.8,13,11.5,76.5,73.81,100,446.9
y5_d3.0_t30_u0_w000,Intermediate,0.05,0.03,0.3,0,w000,113,0,0,0,0,0,0,7,6.2,106,93.8,96,90.71428571428571,7,27.4
y5_d3.0_t30_u0_w000,Intermediate_High,0.05,0.03,0.3,0,w000,113,0,0,0,0,2,1.8,32,28.3,79,69.9,87,80.55882352941177,34,239
y5_d3.0_t30_u0_w100,High,0.05,0.03,0.3,0,w100,113,2,1.8,3,2.7,48,42.5,54,47.8,6,5.3,51,51.88785046728972,107,500.9
y5_d3.0_t30_u0_w100,Intermediate,0.05,0.03,0.3,0,w100,113,1,0.9,0,0,1,0.9,17,15,94,83.2,94,84.26315789473684,19,64.4
y5_d3.0_t30_u0_w100,Intermediate_High,0.05,0.03,0.3,0,w100,113,1,0.9,1,0.9,7,6.2,85,75.2,19,16.8,68.5,67.64893617021276,94,413.6
y5_d3.0_t30_u25_w000,High,0.05,0.03,0.3,25000,w000,113,0,0,0,0,7,6.2,66,58.4,40,35.4,79,75.82191780821918,73,403.7
y5_d3.0_t30_u25_w000,Intermediate,0.05,0.03,0.3,25000,w000,113,0,0,0,0,0,0,2,1.8,111,98.2,92.5,92.5,2,7.4
y5_d3.0_t30_u25_w000,Intermediate_High,0.05,0.03,0.3,25000,w000,113,0,0,0,0,0,0,22,19.5,91,80.5,77,78.45454545454545,22,194
y5_d3.0_t30_u25_w100,High,0.05,0.03,0.3,25000,w100,113,1,0.9,3,2.7,21,18.6,79,69.9,9,8,61,61.18269230769231,104,476.4
y5_d3.0_t30_u25_w100,Intermediate,0.05,0.03,0.3,25000,w100,113,0,0,0,0,0,0,9,8,104,92,92,88,9,37.3
y5_d3.0_t30_u25_w100,Intermediate_High,0.05,0.03,0.3,25000,w100,113,1,0.9,0,0,3,2.7,73,64.6,36,31.9,78,76.05194805194805,77,396.7
y5_d3.0_t30_u50_w000,High,0.05,0.03,0.3,50000,w000,113,0,0,0,0,3,2.7,56,49.6,54,47.8,80,77.1864406779661,59,379.1
y5_d3.0_t30_u50_w000,Intermediate,0.05,0.03,0.3,50000,w000,113,0,0,0,0,0,0,1,0.9,112,99.1,93,93,1,4
y5_d3.0_t30_u50_w000,Intermediate_High,0.05,0.03,0.3,50000,w000,113,0,0,0,0,0,0,18,15.9,95,84.1,84,84.05555555555556,18,174.8
y5_d3.0_t30_u50_w100,High,0.05,0.03,0.3,50000,w100,113,1,0.9,0,0,17,15,75,66.4,20,17.7,66,67.12903225806451,93,444.7
y5_d3.0_t30_u50_w100,Intermediate,0.05,0.03,0.3,50000,w100,113,0,0,0,0,0,0,4,3.5,109,96.5,93,88,4,22
y5_d3.0_t30_u50_w100,Intermediate_High,0.05,0.03,0.3,50000,w100,113,0,0,1,0.9,1,0.9,57,50.4,54,47.8,79,78.35593220338983,59,368.4
y6_d1.5_t0_u0_w000,High,0.06,0.015,0,0,w000,113,0,0,0,0,7,6.2,85,75.2,21,18.6,85,80.55434782608695,92,416.7
y6_d1.5_t0_u0_w000,Intermediate,0.06,0.015,0,0,w000,113,0,0,0,0,0,0,1,0.9,112,99.1,89,89,1,4
y6_d1.5_t0_u0_w000,Intermediate_High,0.06,0.015,0,0,w000,113,0,0,0,0,0,0,16,14.2,97,85.8,78.5,79.375,16,118
y6_d1.5_t0_u0_w100,High,0.06,0.015,0,0,w100,113,1,0.9,4,3.5,38,33.6,59,52.2,11,9.7,54,54.1764705882353,102,455.8
y6_d1.5_t0_u0_w100,Intermediate,0.06,0.015,0,0,w100,113,0,0,0,0,0,0,6,5.3,107,94.7,93,88.83333333333333,6,26.4
y6_d1.5_t0_u0_w100,Intermediate_High,0.06,0.015,0,0,w100,113,1,0.9,0,0,4,3.5,81,71.7,27,23.9,75.5,74.87209302325581,86,392.4
y6_d1.5_t0_u25_w000,High,0.06,0.015,0,25000,w000,113,0,0,0,0,1,0.9,60,53.1,52,46,84,80.39344262295081,61,371.4
y6_d1.5_t0_u25_w000,Intermediate,0.06,0.015,0,25000,w000,113,0,0,0,0,0,0,1,0.9,112,99.1,98,98,1,4
y6_d1.5_t0_u25_w000,Intermediate_High,0.06,0.015,0,25000,w000,113,0,0,0,0,0,0,13,11.5,100,88.5,89,86.07692307692308,13,96.8
y6_d1.5_t0_u25_w100,High,0.06,0.015,0,25000,w100,113,1,0.9,1,0.9,20,17.7,76,67.3,15,13.3,66.5,64.73469387755102,98,438.8
y6_d1.5_t0_u25_w100,Intermediate,0.06,0.015,0,25000,w100,113,0,0,0,0,0,0,3,2.7,110,97.3,97,91,3,13.9
y6_d1.5_t0_u25_w100,Intermediate_High,0.06,0.015,0,25000,w100,113,0,0,1,0.9,1,0.9,54,47.8,57,50.4,82,79.375,56,330.2
y6_d1.5_t0_u50_w000,High,0.06,0.015,0,50000,w000,113,0,0,0,0,1,0.9,48,42.5,64,56.6,87,81.75510204081633,49,345.7
y6_d1.5_t0_u50_w000,Intermediate,0.06,0.015,0,50000,w000,113,0,0,0,0,0,0,0,0,113,100,NA,NA,0,0
y6_d1.5_t0_u50_w000,Intermediate_High,0.06,0.015,0,50000,w000,113,0,0,0,0,0,0,9,8,104,92,93,89.33333333333333,9,78.7
y6_d1.5_t0_u50_w100,High,0.06,0.015,0,50000,w100,113,1,0.9,0,0,9,8,71,62.8,32,28.3,70,68.74074074074075,81,421.2
y6_d1.5_t0_u50_w100,Intermediate,0.06,0.015,0,50000,w100,113,0,0,0,0,0,0,1,0.9,112,99.1,86,86,1,4
y6_d1.5_t0_u50_w100,Intermediate_High,0.06,0.015,0,50000,w100,113,0,0,0,0,1,0.9,40,35.4,72,63.7,82,81.04878048780488,41,284.5
y6_d1.5_t15_u0_w000,High,0.06,0.015,0.15,0,w000,113,0,0,0,0,7,6.2,85,75.2,21,18.6,85,80.59782608695652,92,416.7
y6_d1.5_t15_u0_w000,Intermediate,0.06,0.015,0.15,0,w000,113,0,0,0,0,0,0,1,0.9,112,99.1,89,89,1,4
y6_d1.5_t15_u0_w000,Intermediate_High,0.06,0.015,0.15,0,w000,113,0,0,0,0,0,0,16,14.2,97,85.8,78.5,79.375,16,118
y6_d1.5_t15_u0_w100,High,0.06,0.015,0.15,0,w100,113,1,0.9,4,3.5,37,32.7,60,53.1,11,9.7,54.5,54.245098039215684,102,455.8
y6_d1.5_t15_u0_w100,Intermediate,0.06,0.015,0.15,0,w100,113,0,0,0,0,0,0,6,5.3,107,94.7,93,88.83333333333333,6,26.4
y6_d1.5_t15_u0_w100,Intermediate_High,0.06,0.015,0.15,0,w100,113,1,0.9,0,0,4,3.5,81,71.7,27,23.9,75.5,74.87209302325581,86,392.4
y6_d1.5_t15_u25_w000,High,0.06,0.015,0.15,25000,w000,113,0,0,0,0,1,0.9,60,53.1,52,46,84,80.39344262295081,61,371.4
y6_d1.5_t15_u25_w000,Intermediate,0.06,0.015,0.15,25000,w000,113,0,0,0,0,0,0,1,0.9,112,99.1,98,98,1,4
y6_d1.5_t15_u25_w000,Intermediate_High,0.06,0.015,0.15,25000,w000,113,0,0,0,0,0,0,13,11.5,100,88.5,89,86.07692307692308,13,96.8
y6_d1.5_t15_u25_w100,High,0.06,0.015,0.15,25000,w100,113,1,0.9,1,0.9,20,17.7,76,67.3,15,13.3,66.5,64.74489795918367,98,438.8
y6_d1.5_t15_u25_w100,Intermediate,0.06,0.015,0.15,25000,w100,113,0,0,0,0,0,0,3,2.7,110,97.3,97,91,3,13.9
y6_d1.5_t15_u25_w100,Intermediate_High,0.06,0.015,0.15,25000,w100,113,0,0,1,0.9,1,0.9,54,47.8,57,50.4,82,79.375,56,330.2
y6_d1.5_t15_u50_w000,High,0.06,0.015,0.15,50000,w000,113,0,0,0,0,1,0.9,48,42.5,64,56.6,87,81.75510204081633,49,345.7
y6_d1.5_t15_u50_w000,Intermediate,0.06,0.015,0.15,50000,w000,113,0,0,0,0,0,0,0,0,113,100,NA,NA,0,0
y6_d1.5_t15_u50_w000,Intermediate_High,0.06,0.015,0.15,50000,w000,113,0,0,0,0,0,0,9,8,104,92,93,89.33333333333333,9,78.7
y6_d1.5_t15_u50_w100,High,0.06,0.015,0.15,50000,w100,113,1,0.9,0,0,9,8,71,62.8,32,28.3,70,68.74074074074075,81,421.2
y6_d1.5_t15_u50_w100,Intermediate,0.06,0.015,0.15,50000,w100,113,0,0,0,0,0,0,1,0.9,112,99.1,86,86,1,4
y6_d1.5_t15_u50_w100,Intermediate_High,0.06,0.015,0.15,50000,w100,113,0,0,0,0,1,0.9,40,35.4,72,63.7,82,81.04878048780488,41,284.5
y6_d1.5_t30_u0_w000,High,0.06,0.015,0.3,0,w000,113,0,0,0,0,6,5.3,86,76.1,21,18.6,85,80.6195652173913,92,416.7
y6_d1.5_t30_u0_w000,Intermediate,0.06,0.015,0.3,0,w000,113,0,0,0,0,0,0,1,0.9,112,99.1,89,89,1,4
y6_d1.5_t30_u0_w000,Intermediate_High,0.06,0.015,0.3,0,w000,113,0,0,0,0,0,0,16,14.2,97,85.8,78.5,79.375,16,118
y6_d1.5_t30_u0_w100,High,0.06,0.015,0.3,0,w100,113,1,0.9,4,3.5,36,31.9,61,54,11,9.7,55,54.53921568627451,102,455.8
y6_d1.5_t30_u0_w100,Intermediate,0.06,0.015,0.3,0,w100,113,0,0,0,0,0,0,6,5.3,107,94.7,93,88.83333333333333,6,26.4
y6_d1.5_t30_u0_w100,Intermediate_High,0.06,0.015,0.3,0,w100,113,1,0.9,0,0,4,3.5,81,71.7,27,23.9,75.5,74.87209302325581,86,392.4
y6_d1.5_t30_u25_w000,High,0.06,0.015,0.3,25000,w000,113,0,0,0,0,1,0.9,60,53.1,52,46,84,80.40983606557377,61,371.4
y6_d1.5_t30_u25_w000,Intermediate,0.06,0.015,0.3,25000,w000,113,0,0,0,0,0,0,1,0.9,112,99.1,98,98,1,4
y6_d1.5_t30_u25_w000,Intermediate_High,0.06,0.015,0.3,25000,w000,113,0,0,0,0,0,0,13,11.5,100,88.5,89,86.07692307692308,13,96.8
y6_d1.5_t30_u25_w100,High,0.06,0.015,0.3,25000,w100,113,1,0.9,1,0.9,19,16.8,77,68.1,15,13.3,66.5,64.8061224489796,98,438.8
y6_d1.5_t30_u25_w100,Intermediate,0.06,0.015,0.3,25000,w100,113,0,0,0,0,0,0,3,2.7,110,97.3,97,91,3,13.9
y6_d1.5_t30_u25_w100,Intermediate_High,0.06,0.015,0.3,25000,w100,113,0,0,1,0.9,1,0.9,54,47.8,57,50.4,82,79.375,56,330.2
y6_d1.5_t30_u50_w000,High,0.06,0.015,0.3,50000,w000,113,0,0,0,0,1,0.9,48,42.5,64,56.6,87,81.77551020408163,49,345.7
y6_d1.5_t30_u50_w000,Intermediate,0.06,0.015,0.3,50000,w000,113,0,0,0,0,0,0,0,0,113,100,NA,NA,0,0
y6_d1.5_t30_u50_w000,Intermediate_High,0.06,0.015,0.3,50000,w000,113,0,0,0,0,0,0,9,8,104,92,93,89.33333333333333,9,78.7
y6_d1.5_t30_u50_w100,High,0.06,0.015,0.3,50000,w100,113,1,0.9,0,0,9,8,71,62.8,32,28.3,70,68.81481481481481,81,421.2
y6_d1.5_t30_u50_w100,Intermediate,0.06,0.015,0.3,50000,w100,113,0,0,0,0,0,0,1,0.9,112,99.1,86,86,1,4
y6_d1.5_t30_u50_w100,Intermediate_High,0.06,0.015,0.3,50000,w100,113,0,0,0,0,1,0.9,40,35.4,72,63.7,82,81.04878048780488,41,284.5
y6_d2.0_t0_u0_w000,High,0.06,0.02,0,0,w000,113,0,0,0,0,5,4.4,87,77,21,18.6,85,81.05434782608695,92,416.7
y6_d2.0_t0_u0_w000,Intermediate,0.06,0.02,0,0,w000,113,0,0,0,0,0,0,1,0.9,112,99.1,90,90,1,4
y6_d2.0_t0_u0_w000,Intermediate_High,0.06,0.02,0,0,w000,113,0,0,0,0,0,0,16,14.2,97,85.8,79,79.6875,16,118
y6_d2.0_t0_u0_w100,High,0.06,0.02,0,0,w100,113,1,0.9,4,3.5,25,22.1,72,63.7,11,9.7,56,55.950980392156865,102,455.8
y6_d2.0_t0_u0_w100,Intermediate,0.06,0.02,0,0,w100,113,0,0,0,0,0,0,6,5.3,107,94.7,93,89.16666666666667,6,26.4
y6_d2.0_t0_u0_w100,Intermediate_High,0.06,0.02,0,0,w100,113,1,0.9,0,0,4,3.5,81,71.7,27,23.9,76,75.47674418604652,86,392.4
y6_d2.0_t0_u25_w000,High,0.06,0.02,0,25000,w000,113,0,0,0,0,1,0.9,60,53.1,52,46,84,80.78688524590164,61,371.4
y6_d2.0_t0_u25_w000,Intermediate,0.06,0.02,0,25000,w000,113,0,0,0,0,0,0,1,0.9,112,99.1,98,98,1,4
y6_d2.0_t0_u25_w000,Intermediate_High,0.06,0.02,0,25000,w000,113,0,0,0,0,0,0,13,11.5,100,88.5,89,86.15384615384616,13,96.8
y6_d2.0_t0_u25_w100,High,0.06,0.02,0,25000,w100,113,1,0.9,0,0,16,14.2,81,71.7,15,13.3,67.5,65.72448979591837,98,438.8
y6_d2.0_t0_u25_w100,Intermediate,0.06,0.02,0,25000,w100,113,0,0,0,0,0,0,3,2.7,110,97.3,97,91.33333333333333,3,13.9
y6_d2.0_t0_u25_w100,Intermediate_High,0.06,0.02,0,25000,w100,113,0,0,1,0.9,1,0.9,54,47.8,57,50.4,82,79.96428571428571,56,330.2
y6_d2.0_t0_u50_w000,High,0.06,0.02,0,50000,w000,113,0,0,0,0,1,0.9,48,42.5,64,56.6,87,82.20408163265306,49,345.7
y6_d2.0_t0_u50_w000,Intermediate,0.06,0.02,0,50000,w000,113,0,0,0,0,0,0,0,0,113,100,NA,NA,0,0
y6_d2.0_t0_u50_w000,Intermediate_High,0.06,0.02,0,50000,w000,113,0,0,0,0,0,0,9,8,104,92,93,89.33333333333333,9,78.7
y6_d2.0_t0_u50_w100,High,0.06,0.02,0,50000,w100,113,0,0,1,0.9,6,5.3,74,65.5,32,28.3,70,69.72839506172839,81,421.2
y6_d2.0_t0_u50_w100,Intermediate,0.06,0.02,0,50000,w100,113,0,0,0,0,0,0,1,0.9,112,99.1,86,86,1,4
y6_d2.0_t0_u50_w100,Intermediate_High,0.06,0.02,0,50000,w100,113,0,0,0,0,1,0.9,40,35.4,72,63.7,82,81.51219512195122,41,284.5
y6_d2.0_t15_u0_w000,High,0.06,0.02,0.15,0,w000,113,0,0,0,0,5,4.4,87,77,21,18.6,85,81.05434782608695,92,416.7
y6_d2.0_t15_u0_w000,Intermediate,0.06,0.02,0.15,0,w000,113,0,0,0,0,0,0,1,0.9,112,99.1,90,90,1,4
y6_d2.0_t15_u0_w000,Intermediate_High,0.06,0.02,0.15,0,w000,113,0,0,0,0,0,0,16,14.2,97,85.8,79,79.6875,16,118
y6_d2.0_t15_u0_w100,High,0.06,0.02,0.15,0,w100,113,1,0.9,4,3.5,25,22.1,72,63.7,11,9.7,56,56.01960784313726,102,455.8
y6_d2.0_t15_u0_w100,Intermediate,0.06,0.02,0.15,0,w100,113,0,0,0,0,0,0,6,5.3,107,94.7,93,89.16666666666667,6,26.4
y6_d2.0_t15_u0_w100,Intermediate_High,0.06,0.02,0.15,0,w100,113,1,0.9,0,0,4,3.5,81,71.7,27,23.9,76,75.47674418604652,86,392.4
y6_d2.0_t15_u25_w000,High,0.06,0.02,0.15,25000,w000,113,0,0,0,0,1,0.9,60,53.1,52,46,84,80.78688524590164,61,371.4
y6_d2.0_t15_u25_w000,Intermediate,0.06,0.02,0.15,25000,w000,113,0,0,0,0,0,0,1,0.9,112,99.1,98,98,1,4
y6_d2.0_t15_u25_w000,Intermediate_High,0.06,0.02,0.15,25000,w000,113,0,0,0,0,0,0,13,11.5,100,88.5,89,86.15384615384616,13,96.8
y6_d2.0_t15_u25_w100,High,0.06,0.02,0.15,25000,w100,113,1,0.9,0,0,16,14.2,81,71.7,15,13.3,67.5,65.73469387755102,98,438.8
y6_d2.0_t15_u25_w100,Intermediate,0.06,0.02,0.15,25000,w100,113,0,0,0,0,0,0,3,2.7,110,97.3,97,91.33333333333333,3,13.9
y6_d2.0_t15_u25_w100,Intermediate_High,0.06,0.02,0.15,25000,w100,113,0,0,1,0.9,1,0.9,54,47.8,57,50.4,82,79.96428571428571,56,330.2
y6_d2.0_t15_u50_w000,High,0.06,0.02,0.15,50000,w000,113,0,0,0,0,1,0.9,48,42.5,64,56.6,87,82.20408163265306,49,345.7
y6_d2.0_t15_u50_w000,Intermediate,0.06,0.02,0.15,50000,w000,113,0,0,0,0,0,0,0,0,113,100,NA,NA,0,0
y6_d2.0_t15_u50_w000,Intermediate_High,0.06,0.02,0.15,50000,w000,113,0,0,0,0,0,0,9,8,104,92,93,89.33333333333333,9,78.7
y6_d2.0_t15_u50_w100,High,0.06,0.02,0.15,50000,w100,113,0,0,1,0.9,6,5.3,74,65.5,32,28.3,70,69.72839506172839,81,421.2
y6_d2.0_t15_u50_w100,Intermediate,0.06,0.02,0.15,50000,w100,113,0,0,0,0,0,0,1,0.9,112,99.1,86,86,1,4
y6_d2.0_t15_u50_w100,Intermediate_High,0.06,0.02,0.15,50000,w100,113,0,0,0,0,1,0.9,40,35.4,72,63.7,82,81.51219512195122,41,284.5
y6_d2.0_t30_u0_w000,High,0.06,0.02,0.3,0,w000,113,0,0,0,0,5,4.4,87,77,21,18.6,85,81.06521739130434,92,416.7
y6_d2.0_t30_u0_w000,Intermediate,0.06,0.02,0.3,0,w000,113,0,0,0,0,0,0,1,0.9,112,99.1,90,90,1,4
y6_d2.0_t30_u0_w000,Intermediate_High,0.06,0.02,0.3,0,w000,113,0,0,0,0,0,0,16,14.2,97,85.8,79,79.6875,16,118
y6_d2.0_t30_u0_w100,High,0.06,0.02,0.3,0,w100,113,1,0.9,4,3.5,25,22.1,72,63.7,11,9.7,56,56.254901960784316,102,455.8
y6_d2.0_t30_u0_w100,Intermediate,0.06,0.02,0.3,0,w100,113,0,0,0,0,0,0,6,5.3,107,94.7,93,89.16666666666667,6,26.4
y6_d2.0_t30_u0_w100,Intermediate_High,0.06,0.02,0.3,0,w100,113,1,0.9,0,0,4,3.5,81,71.7,27,23.9,76,75.47674418604652,86,392.4
y6_d2.0_t30_u25_w000,High,0.06,0.02,0.3,25000,w000,113,0,0,0,0,1,0.9,60,53.1,52,46,84,80.78688524590164,61,371.4
y6_d2.0_t30_u25_w000,Intermediate,0.06,0.02,0.3,25000,w000,113,0,0,0,0,0,0,1,0.9,112,99.1,98,98,1,4
y6_d2.0_t30_u25_w000,Intermediate_High,0.06,0.02,0.3,25000,w000,113,0,0,0,0,0,0,13,11.5,100,88.5,89,86.15384615384616,13,96.8
y6_d2.0_t30_u25_w100,High,0.06,0.02,0.3,25000,w100,113,1,0.9,0,0,16,14.2,81,71.7,15,13.3,67.5,65.77551020408163,98,438.8
y6_d2.0_t30_u25_w100,Intermediate,0.06,0.02,0.3,25000,w100,113,0,0,0,0,0,0,3,2.7,110,97.3,97,91.33333333333333,3,13.9
y6_d2.0_t30_u25_w100,Intermediate_High,0.06,0.02,0.3,25000,w100,113,0,0,1,0.9,1,0.9,54,47.8,57,50.4,82,79.96428571428571,56,330.2
y6_d2.0_t30_u50_w000,High,0.06,0.02,0.3,50000,w000,113,0,0,0,0,1,0.9,48,42.5,64,56.6,87,82.20408163265306,49,345.7
y6_d2.0_t30_u50_w000,Intermediate,0.06,0.02,0.3,50000,w000,113,0,0,0,0,0,0,0,0,113,100,NA,NA,0,0
y6_d2.0_t30_u50_w000,Intermediate_High,0.06,0.02,0.3,50000,w000,113,0,0,0,0,0,0,9,8,104,92,93,89.33333333333333,9,78.7
y6_d2.0_t30_u50_w100,High,0.06,0.02,0.3,50000,w100,113,0,0,1,0.9,6,5.3,74,65.5,32,28.3,70,69.74074074074075,81,421.2
y6_d2.0_t30_u50_w100,Intermediate,0.06,0.02,0.3,50000,w100,113,0,0,0,0,0,0,1,0.9,112,99.1,86,86,1,4
y6_d2.0_t30_u50_w100,Intermediate_High,0.06,0.02,0.3,50000,w100,113,0,0,0,0,1,0.9,40,35.4,72,63.7,82,81.51219512195122,41,284.5
y6_d3.0_t0_u0_w000,High,0.06,0.03,0,0,w000,113,0,0,0,0,3,2.7,89,78.8,21,18.6,86,81.98913043478261,92,416.7
y6_d3.0_t0_u0_w000,Intermediate,0.06,0.03,0,0,w000,113,0,0,0,0,0,0,1,0.9,112,99.1,90,90,1,4
y6_d3.0_t0_u0_w000,Intermediate_High,0.06,0.03,0,0,w000,113,0,0,0,0,0,0,16,14.2,97,85.8,79.5,80.3125,16,118
y6_d3.0_t0_u0_w100,High,0.06,0.03,0,0,w100,113,1,0.9,0,0,25,22.1,76,67.3,11,9.7,58,58.6764705882353,102,455.8
y6_d3.0_t0_u0_w100,Intermediate,0.06,0.03,0,0,w100,113,0,0,0,0,0,0,6,5.3,107,94.7,93,89.66666666666667,6,26.4
y6_d3.0_t0_u0_w100,Intermediate_High,0.06,0.03,0,0,w100,113,0,0,1,0.9,3,2.7,82,72.6,27,23.9,77,76.68604651162791,86,392.4
y6_d3.0_t0_u25_w000,High,0.06,0.03,0,25000,w000,113,0,0,0,0,1,0.9,60,53.1,52,46,85,81.59016393442623,61,371.4
y6_d3.0_t0_u25_w000,Intermediate,0.06,0.03,0,25000,w000,113,0,0,0,0,0,0,1,0.9,112,99.1,98,98,1,4
y6_d3.0_t0_u25_w000,Intermediate_High,0.06,0.03,0,25000,w000,113,0,0,0,0,0,0,13,11.5,100,88.5,89,86.38461538461539,13,96.8
y6_d3.0_t0_u25_w100,High,0.06,0.03,0,25000,w100,113,0,0,1,0.9,11,9.7,86,76.1,15,13.3,68.5,67.71428571428571,98,438.8
y6_d3.0_t0_u25_w100,Intermediate,0.06,0.03,0,25000,w100,113,0,0,0,0,0,0,3,2.7,110,97.3,97,91.66666666666667,3,13.9
y6_d3.0_t0_u25_w100,Intermediate_High,0.06,0.03,0,25000,w100,113,0,0,0,0,1,0.9,55,48.7,57,50.4,82.5,80.875,56,330.2
y6_d3.0_t0_u50_w000,High,0.06,0.03,0,50000,w000,113,0,0,0,0,0,0,49,43.4,64,56.6,87,82.83673469387755,49,345.7
y6_d3.0_t0_u50_w000,Intermediate,0.06,0.03,0,50000,w000,113,0,0,0,0,0,0,0,0,113,100,NA,NA,0,0
y6_d3.0_t0_u50_w000,Intermediate_High,0.06,0.03,0,50000,w000,113,0,0,0,0,0,0,9,8,104,92,93,89.66666666666667,9,78.7
y6_d3.0_t0_u50_w100,High,0.06,0.03,0,50000,w100,113,0,0,0,0,6,5.3,75,66.4,32,28.3,72,71.33333333333333,81,421.2
y6_d3.0_t0_u50_w100,Intermediate,0.06,0.03,0,50000,w100,113,0,0,0,0,0,0,1,0.9,112,99.1,86,86,1,4
y6_d3.0_t0_u50_w100,Intermediate_High,0.06,0.03,0,50000,w100,113,0,0,0,0,1,0.9,40,35.4,72,63.7,82,82.21951219512195,41,284.5
y6_d3.0_t15_u0_w000,High,0.06,0.03,0.15,0,w000,113,0,0,0,0,3,2.7,89,78.8,21,18.6,86,81.98913043478261,92,416.7
y6_d3.0_t15_u0_w000,Intermediate,0.06,0.03,0.15,0,w000,113,0,0,0,0,0,0,1,0.9,112,99.1,90,90,1,4
y6_d3.0_t15_u0_w000,Intermediate_High,0.06,0.03,0.15,0,w000,113,0,0,0,0,0,0,16,14.2,97,85.8,79.5,80.3125,16,118
y6_d3.0_t15_u0_w100,High,0.06,0.03,0.15,0,w100,113,1,0.9,0,0,25,22.1,76,67.3,11,9.7,58,58.6764705882353,102,455.8
y6_d3.0_t15_u0_w100,Intermediate,0.06,0.03,0.15,0,w100,113,0,0,0,0,0,0,6,5.3,107,94.7,93,89.66666666666667,6,26.4
y6_d3.0_t15_u0_w100,Intermediate_High,0.06,0.03,0.15,0,w100,113,0,0,1,0.9,3,2.7,82,72.6,27,23.9,77,76.68604651162791,86,392.4
y6_d3.0_t15_u25_w000,High,0.06,0.03,0.15,25000,w000,113,0,0,0,0,1,0.9,60,53.1,52,46,85,81.59016393442623,61,371.4
y6_d3.0_t15_u25_w000,Intermediate,0.06,0.03,0.15,25000,w000,113,0,0,0,0,0,0,1,0.9,112,99.1,98,98,1,4
y6_d3.0_t15_u25_w000,Intermediate_High,0.06,0.03,0.15,25000,w000,113,0,0,0,0,0,0,13,11.5,100,88.5,89,86.38461538461539,13,96.8
y6_d3.0_t15_u25_w100,High,0.06,0.03,0.15,25000,w100,113,0,0,1,0.9,11,9.7,86,76.1,15,13.3,68.5,67.71428571428571,98,438.8
y6_d3.0_t15_u25_w100,Intermediate,0.06,0.03,0.15,25000,w100,113,0,0,0,0,0,0,3,2.7,110,97.3,97,91.66666666666667,3,13.9
y6_d3.0_t15_u25_w100,Intermediate_High,0.06,0.03,0.15,25000,w100,113,0,0,0,0,1,0.9,55,48.7,57,50.4,82.5,80.875,56,330.2
y6_d3.0_t15_u50_w000,High,0.06,0.03,0.15,50000,w000,113,0,0,0,0,0,0,49,43.4,64,56.6,87,82.83673469387755,49,345.7
y6_d3.0_t15_u50_w000,Intermediate,0.06,0.03,0.15,50000,w000,113,0,0,0,0,0,0,0,0,113,100,NA,NA,0,0
y6_d3.0_t15_u50_w000,Intermediate_High,0.06,0.03,0.15,50000,w000,113,0,0,0,0,0,0,9,8,104,92,93,89.66666666666667,9,78.7
y6_d3.0_t15_u50_w100,High,0.06,0.03,0.15,50000,w100,113,0,0,0,0,6,5.3,75,66.4,32,28.3,72,71.33333333333333,81,421.2
y6_d3.0_t15_u50_w100,Intermediate,0.06,0.03,0.15,50000,w100,113,0,0,0,0,0,0,1,0.9,112,99.1,86,86,1,4
y6_d3.0_t15_u50_w100,Intermediate_High,0.06,0.03,0.15,50000,w100,113,0,0,0,0,1,0.9,40,35.4,72,63.7,82,82.21951219512195,41,284.5
y6_d3.0_t30_u0_w000,High,0.06,0.03,0.3,0,w000,113,0,0,0,0,3,2.7,89,78.8,21,18.6,86,81.98913043478261,92,416.7
y6_d3.0_t30_u0_w000,Intermediate,0.06,0.03,0.3,0,w000,113,0,0,0,0,0,0,1,0.9,112,99.1,90,90,1,4
y6_d3.0_t30_u0_w000,Intermediate_High,0.06,0.03,0.3,0,w000,113,0,0,0,0,0,0,16,14.2,97,85.8,79.5,80.3125,16,118
y6_d3.0_t30_u0_w100,High,0.06,0.03,0.3,0,w100,113,1,0.9,0,0,23,20.4,78,69,11,9.7,58,58.86274509803921,102,455.8
y6_d3.0_t30_u0_w100,Intermediate,0.06,0.03,0.3,0,w100,113,0,0,0,0,0,0,6,5.3,107,94.7,93,89.66666666666667,6,26.4
y6_d3.0_t30_u0_w100,Intermediate_High,0.06,0.03,0.3,0,w100,113,0,0,1,0.9,3,2.7,82,72.6,27,23.9,77,76.68604651162791,86,392.4
y6_d3.0_t30_u25_w000,High,0.06,0.03,0.3,25000,w000,113,0,0,0,0,1,0.9,60,53.1,52,46,85,81.60655737704919,61,371.4
y6_d3.0_t30_u25_w000,Intermediate,0.06,0.03,0.3,25000,w000,113,0,0,0,0,0,0,1,0.9,112,99.1,98,98,1,4
y6_d3.0_t30_u25_w000,Intermediate_High,0.06,0.03,0.3,25000,w000,113,0,0,0,0,0,0,13,11.5,100,88.5,89,86.38461538461539,13,96.8
y6_d3.0_t30_u25_w100,High,0.06,0.03,0.3,25000,w100,113,0,0,1,0.9,11,9.7,86,76.1,15,13.3,68.5,67.71428571428571,98,438.8
y6_d3.0_t30_u25_w100,Intermediate,0.06,0.03,0.3,25000,w100,113,0,0,0,0,0,0,3,2.7,110,97.3,97,91.66666666666667,3,13.9
y6_d3.0_t30_u25_w100,Intermediate_High,0.06,0.03,0.3,25000,w100,113,0,0,0,0,1,0.9,55,48.7,57,50.4,82.5,80.875,56,330.2
y6_d3.0_t30_u50_w000,High,0.06,0.03,0.3,50000,w000,113,0,0,0,0,0,0,49,43.4,64,56.6,87,82.83673469387755,49,345.7
y6_d3.0_t30_u50_w000,Intermediate,0.06,0.03,0.3,50000,w000,113,0,0,0,0,0,0,0,0,113,100,NA,NA,0,0
y6_d3.0_t30_u50_w000,Intermediate_High,0.06,0.03,0.3,50000,w000,113,0,0,0,0,0,0,9,8,104,92,93,89.66666666666667,9,78.7
y6_d3.0_t30_u50_w100,High,0.06,0.03,0.3,50000,w100,113,0,0,0,0,6,5.3,75,66.4,32,28.3,72,71.33333333333333,81,421.2
y6_d3.0_t30_u50_w100,Intermediate,0.06,0.03,0.3,50000,w100,113,0,0,0,0,0,0,1,0.9,112,99.1,86,86,1,4
y6_d3.0_t30_u50_w100,Intermediate_High,0.06,0.03,0.3,50000,w100,113,0,0,0,0,1,0.9,40,35.4,72,63.7,82,82.21951219512195,41,284.5
