parcel_id,scenario,cliff_scenario,retreat_year,mc_enabled,mc_n_sims,mc_mean_year,mc_median_year,mc_sd_year,mc_q05_year,mc_q25_year,mc_q75_year,mc_q95_year,mc_range_years,retreat_trigger,timing_category,cliff_exposure_status,initial_cliff_dist_m,parameter_set,rental_yield,discount_rate,damage_threshold,ADDRESS,PRICE,strval,landval,elevation,LATITUDE,LONGITUDE,rent,npv_rent_to_tstar,buyout_price_uncapped,buyout_price,buyout_capped,buyout_market_100pct,buyout_savings_pct,buyout_savings_dollars,gov_rent_collected,gov_land_recovered,gov_net_cost,gov_outcome
1,Intermediate,NA,1,TRUE,1000,1,1,0,1,1,1,1,0,flood_storm_mc,immediate,not_applicable,NA,baseline,0.05,0.02,0.15,1179 King Salmon Ave,552000,378672,173328,1.59,40.7406328,-124.2156908,27600,27599.999999999996,200928,200928,FALSE,552000,63.6,351072,27599.999999999996,173328,0,break_even
2,Intermediate,NA,68.983,TRUE,1000,68.983,69,1.4187049459714038,66,69,70,70,4,flood_storm_mc,late,not_applicable,NA,baseline,0.05,0.02,0.15,1201 King Salmon Ave,362304,248540.544,113763.456,1.46,40.7407655,-124.2157915,18115.2,688181.6701425149,801945.1261425149,362304,TRUE,362304,0,0,688181.6701425149,113763.456,-439641.12614251487,profit
3,Intermediate,NA,80.967,TRUE,1000,80.967,81,0.28282678619782636,81,81,81,81,0,no_retreat,no_retreat,not_applicable,NA,baseline,0.05,0.02,0.15,1213 King Salmon Ave,362000,248332,113668,1.63,40.7409544,-124.2156305,18100,NA,NA,NA,NA,NA,NA,NA,NA,113668,NA,NA
4,Intermediate,NA,80.988,TRUE,1000,80.988,81,0.11777041169100952,81,81,81,81,0,no_retreat,no_retreat,not_applicable,NA,baseline,0.05,0.02,0.15,1215 King Salmon Ave,345190,236800.34,108389.66,1.65,40.7410356,-124.2155921,17259.5,NA,NA,NA,NA,NA,NA,NA,NA,108389.66,NA,NA
5,Intermediate,NA,53.136,TRUE,1000,53.136,54,1.1378922615075642,51,52,54,54,3,flood_storm_mc,late,not_applicable,NA,baseline,0.05,0.02,0.15,1229 King Salmon Ave,293893,201610.598,92282.402,1.68,40.7411812,-124.2155331,14694.650000000001,487759.1013208512,580041.5033208511,293893,TRUE,293893,0,0,487759.1013208512,92282.402,-286148.5033208512,profit
6,Intermediate,NA,45.908,TRUE,1000,45.908,46,1.1449222012201732,44,45,47,47,3,flood_storm_mc,mid_term,not_applicable,NA,baseline,0.05,0.02,0.15,1237 King Salmon Ave,208480,143017.28,65462.72,1.53,40.7413053,-124.2155155,10424,317439.57164112106,382902.29164112103,208480,TRUE,208480,0,0,317439.57164112106,65462.72,-174422.29164112106,profit
7,Intermediate,NA,51.981,TRUE,1000,51.981,52,1.1392703528736876,50,51,53,53,3,flood_storm_mc,late,not_applicable,NA,baseline,0.05,0.02,0.15,1245 King Salmon Ave,315000,216090,98910,1.68,40.7413476,-124.2154337,15750,516300.67606520286,615210.6760652028,315000,TRUE,315000,0,0,516300.67606520286,98910,-300210.67606520286,profit
8,Intermediate,NA,33.246,TRUE,1000,33.246,34,1.1084731447864278,31,33,34,34,3,flood_storm_mc,mid_term,not_applicable,NA,baseline,0.05,0.02,0.15,1337 Buhne Dr,275000,188650,86350,1.22,40.7410645,-124.2162205,13750,338212.4364561554,424562.4364561554,275000,TRUE,275000,0,0,338212.4364561554,86350,-149562.43645615538,profit
9,Intermediate,NA,80.597,TRUE,1000,80.597,81,1.4313069690459974,75,81,81,81,6,no_retreat,no_retreat,not_applicable,NA,baseline,0.05,0.02,0.15,64 Herring St,397000,272342,124658,1.3,40.740805,-124.2164141,19850,NA,NA,NA,NA,NA,NA,NA,NA,124658,NA,NA
10,Intermediate,NA,80.163,TRUE,1000,80.163,81,2.0382800557297287,74,81,81,81,7,no_retreat,no_retreat,not_applicable,NA,baseline,0.05,0.02,0.15,61 Herring St,264655,181553.33000000002,83101.67,1.3,40.7405124,-124.216443,13232.75,NA,NA,NA,NA,NA,NA,NA,NA,83101.67,NA,NA
11,Intermediate,NA,54.549,TRUE,1000,54.549,55,1.2873446532519006,52,54,55,56,4,flood_storm_mc,late,not_applicable,NA,baseline,0.05,0.02,0.15,85 Herring St,297000,203742,93258,1.3,40.7407541,-124.2169505,14850,500212.2376385827,593470.2376385827,297000,TRUE,297000,0,0,500212.2376385827,93258,-296470.2376385827,profit
12,Intermediate,NA,74.042,TRUE,1000,74.042,75,1.798741635552886,69.95,74,75,75,5.049999999999997,flood_storm_mc,late,not_applicable,NA,baseline,0.05,0.02,0.15,1417 Buhne Dr,362500,248675,113825,1.29,40.7408173,-124.2171311,18125,711034.0258864842,824859.0258864842,362500,TRUE,362500,0,0,711034.0258864842,113825,-462359.0258864842,profit
13,Intermediate,NA,68.85,TRUE,1000,68.85,69,1.5217804755666358,66,68,70,70,4,flood_storm_mc,late,not_applicable,NA,baseline,0.05,0.02,0.15,1445 Buhne Dr,281034,192789.324,88244.676,1.3,40.7407323,-124.2172635,14051.7,533330.472562985,621575.148562985,281034,TRUE,281034,0,0,533330.472562985,88244.676,-340541.148562985,profit
14,Intermediate,NA,80.866,TRUE,1000,80.866,81,0.748735336821099,81,81,81,81,0,no_retreat,no_retreat,not_applicable,NA,baseline,0.05,0.02,0.15,1473 Buhne Dr,275135,188742.61,86392.39,1.3,40.7405944,-124.2174532,13756.75,NA,NA,NA,NA,NA,NA,NA,NA,86392.39,NA,NA
15,Intermediate,NA,80.99,TRUE,1000,80.99,81,0.10914170564872033,81,81,81,81,0,no_retreat,no_retreat,not_applicable,NA,baseline,0.05,0.02,0.15,1493 Buhne Dr,399000,273714,125286,1.3,40.7404946,-124.2175968,19950,NA,NA,NA,NA,NA,NA,NA,NA,125286,NA,NA
16,Intermediate,NA,50.727,TRUE,1000,50.727,51,1.2369320923159044,49,50,52,52,3,flood_storm_mc,late,not_applicable,NA,baseline,0.05,0.02,0.15,184 Sole St,267907,183784.202,84122.798,1.3,40.740378,-124.2173647,13395.35,432976.6627488554,517099.46074885543,267907,TRUE,267907,0,0,432976.6627488554,84122.798,-249192.46074885543,profit
17,Intermediate,NA,48.437,TRUE,1000,48.437,49,1.189725365975882,46,48,49,50,4,flood_storm_mc,mid_term,not_applicable,NA,baseline,0.05,0.02,0.15,162 Sole St,273097,187344.54200000002,85752.458,1.3,40.7403202,-124.2172265,13654.85,429532.9820149451,515285.4400149451,273097,TRUE,273097,0,0,429532.9820149451,85752.458,-242188.4400149451,profit
18,Intermediate,NA,38.439,TRUE,1000,38.439,39,1.2123319466007438,36,38,39,40,4,flood_storm_mc,mid_term,not_applicable,NA,baseline,0.05,0.02,0.15,150 Sole St,276892,189947.912,86944.088,1.3,40.7402612,-124.2171174,13844.6,376260.98001103045,463205.06801103044,276892,TRUE,276892,0,0,376260.98001103045,86944.088,-186313.06801103044,profit
19,Intermediate,NA,73.017,TRUE,1000,73.017,74,1.7273374582561145,69,73,74,74,5,flood_storm_mc,late,not_applicable,NA,baseline,0.05,0.02,0.15,142 Sole St,313833,215289.438,98543.562,1.3,40.7402057,-124.2169684,15691.650000000001,611787.7380434201,710331.3000434202,313833,TRUE,313833,0,0,611787.7380434201,98543.562,-396498.30004342017,profit
20,Intermediate,NA,50.43,TRUE,1000,50.43,51,1.188491696442391,48,50,51,52,4,flood_storm_mc,late,not_applicable,NA,baseline,0.05,0.02,0.15,118 Sole St,300000,205800,94200,1.27,40.7401167,-124.2167667,15000,483191.0555780134,577391.0555780134,300000,TRUE,300000,0,0,483191.0555780134,94200,-277391.0555780134,profit
21,Intermediate,NA,66.765,TRUE,1000,66.765,67,1.5786916314680544,64,67,68,68,4,flood_storm_mc,late,not_applicable,NA,baseline,0.05,0.02,0.15,106 Sole St,360000,246960,113040,1.28,40.7400397,-124.2166028,18000,673289.7202448094,786329.7202448094,360000,TRUE,360000,0,0,673289.7202448094,113040,-426329.7202448094,profit
22,Intermediate,NA,74.012,TRUE,1000,74.012,75,1.8317235629895716,70,74,75,75,5,flood_storm_mc,late,not_applicable,NA,baseline,0.05,0.02,0.15,98 Sole St,283217,194286.862,88930.138,1.15,40.7400329,-124.2164031,14160.85,555423.497211108,644353.635211108,283217,TRUE,283217,0,0,555423.497211108,88930.138,-361136.635211108,profit
23,Intermediate,NA,65.6,TRUE,1000,65.6,66,1.607664325841867,62,65,67,67,5,flood_storm_mc,late,not_applicable,NA,baseline,0.05,0.02,0.15,62 Sole St,337695,231658.77000000002,106036.23,1.3,40.7399458,-124.2163248,16884.75,626216.5563972858,732252.7863972858,337695,TRUE,337695,0,0,626216.5563972858,106036.23,-394557.78639728576,profit
24,Intermediate,NA,80.505,TRUE,1000,80.505,81,1.6064107680028654,75,81,81,81,6,no_retreat,no_retreat,not_applicable,NA,baseline,0.05,0.02,0.15,54 Sole St,449201,308151.886,141049.114,1.79,40.7399238,-124.2161763,22460.050000000003,NA,NA,NA,NA,NA,NA,NA,NA,141049.114,NA,NA
25,Intermediate,NA,70.026,TRUE,1000,70.026,71,1.489141209402769,67,70,71,71,4,flood_storm_mc,late,not_applicable,NA,baseline,0.05,0.02,0.15,44 Sole St,238574,163661.764,74912.236,1.2,40.7398551,-124.2160615,11928.7,456334.2708600503,531246.5068600503,238574,TRUE,238574,0,0,456334.2708600503,74912.236,-292672.50686005026,profit
26,Intermediate,NA,80.752,TRUE,1000,80.752,81,0.9917053390395151,80,81,81,81,1,no_retreat,no_retreat,not_applicable,NA,baseline,0.05,0.02,0.15,16 Sole St,450000,308700,141300,1.08,40.739712,-124.2157682,22500,NA,NA,NA,NA,NA,NA,NA,NA,141300,NA,NA
27,Intermediate,NA,80.822,TRUE,1000,80.822,81,0.8324716265489227,81,81,81,81,0,no_retreat,no_retreat,not_applicable,NA,baseline,0.05,0.02,0.15,8 Sole St,350000,240100,109900,1.09,40.739687000000004,-124.215556,17500,NA,NA,NA,NA,NA,NA,NA,NA,109900,NA,NA
28,Intermediate,NA,81,TRUE,1000,81,81,0,81,81,81,81,0,no_retreat,no_retreat,not_applicable,NA,baseline,0.05,0.02,0.15,6 Sole St,371665,254962.19,116702.81,0.9,40.739554,-124.215382,18583.25,NA,NA,NA,NA,NA,NA,NA,NA,116702.81,NA,NA
29,Intermediate,NA,31.803,TRUE,1000,31.803,32,1.1258145755223008,30,31,33,33,3,flood_storm_mc,mid_term,not_applicable,NA,baseline,0.05,0.02,0.15,155 Sole St,261516,179399.976,82116.024,1.3,40.74009,-124.2174363,13075.800000000001,311621.4472242548,393737.4712242548,261516,TRUE,261516,0,0,311621.4472242548,82116.024,-132221.47122425478,profit
30,Intermediate,NA,40.337,TRUE,1000,40.337,41,1.1174433675491926,38,40,41,42,4,flood_storm_mc,mid_term,not_applicable,NA,baseline,0.05,0.02,0.15,143 Sole St,310296,212863.05599999998,97432.944,1.3,40.7400347,-124.2173321,15514.800000000001,435286.5780990014,532719.5220990013,310296,TRUE,310296,0,0,435286.5780990014,97432.944,-222423.5220990014,profit
31,Intermediate,NA,80.511,TRUE,1000,80.511,81,1.5047069957779633,75,81,81,81,6,no_retreat,no_retreat,not_applicable,NA,baseline,0.05,0.02,0.15,109 Sole St,280000,192080,87920,1.3,40.7398044,-124.2168656,14000,NA,NA,NA,NA,NA,NA,NA,NA,87920,NA,NA
32,Intermediate,NA,80.99,TRUE,1000,80.99,81,0.0995485304256668,81,81,81,81,0,no_retreat,no_retreat,not_applicable,NA,baseline,0.05,0.02,0.15,7 Sole St,357172,245019.992,112152.008,1.31,40.7392837,-124.2156342,17858.600000000002,NA,NA,NA,NA,NA,NA,NA,NA,112152.008,NA,NA
33,Intermediate,NA,47.146,TRUE,1000,47.146,48,1.0834472104619854,45,46,48,48,3,flood_storm_mc,mid_term,not_applicable,NA,baseline,0.05,0.02,0.15,165 Sole St,280006,192084.11599999998,87921.884,1.3,40.7401379,-124.2175767,14000.300000000001,433314.39030374837,521236.2743037484,280006,TRUE,280006,0,0,433314.39030374837,87921.884,-241230.2743037484,profit
34,Intermediate,NA,80.903,TRUE,1000,80.903,81,0.5494478072509643,81,81,81,81,0,no_retreat,no_retreat,not_applicable,NA,baseline,0.05,0.02,0.15,1515 Buhne Dr,297514,204094.604,93419.396,1.3,40.7402749,-124.2178933,14875.7,NA,NA,NA,NA,NA,NA,NA,NA,93419.396,NA,NA
35,Intermediate,NA,80.949,TRUE,1000,80.949,81,0.3201585568144345,81,81,81,81,0,no_retreat,no_retreat,not_applicable,NA,baseline,0.05,0.02,0.15,1591 Buhne Dr,363724,249514.664,114209.336,1.3,40.7399367,-124.2183341,18186.2,NA,NA,NA,NA,NA,NA,NA,NA,114209.336,NA,NA
36,Intermediate,NA,38.61,TRUE,1000,38.61,39,1.0876962273921351,37,38,39,40,3,flood_storm_mc,mid_term,not_applicable,NA,baseline,0.05,0.02,0.15,130 Cod St,320994,220201.88400000002,100792.116,1.3,40.7397376,-124.217678,16049.7,437482.50875833887,538274.6247583389,320994,TRUE,320994,0,0,437482.50875833887,100792.116,-217280.62475833885,profit
37,Intermediate,NA,50.23,TRUE,1000,50.23,51,1.0919213764242792,48,50,51,51,3,flood_storm_mc,late,not_applicable,NA,baseline,0.05,0.02,0.15,126 Cod St,365000,250390,114610,1.3,40.7396932,-124.2176589,18250,586521.8226731728,701131.8226731728,365000,TRUE,365000,0,0,586521.8226731728,114610,-336131.8226731728,profit
38,Intermediate,NA,80.867,TRUE,1000,80.867,81,0.6400943061149043,81,81,81,81,0,no_retreat,no_retreat,not_applicable,NA,baseline,0.05,0.02,0.15,16 Cod St,355668,243988.248,111679.75200000001,1.19,40.7390951,-124.2164154,17783.4,NA,NA,NA,NA,NA,NA,NA,NA,111679.75200000001,NA,NA
39,Intermediate,NA,27.783,TRUE,1000,27.783,28,1.1113712908592457,26,27,29,29,3,flood_storm_mc,mid_term,not_applicable,NA,baseline,0.05,0.02,0.15,1671 Buhne Dr,309032,211995.952,97036.048,1.3,40.7395467,-124.2188765,15451.6,333457.1091685095,430493.1571685095,309032,TRUE,309032,0,0,333457.1091685095,97036.048,-121461.15716850948,profit
40,Intermediate,NA,18.988,TRUE,1000,18.988,19,1.0113747470047287,17,18,20,20,3,flood_storm_mc,early,not_applicable,NA,baseline,0.05,0.02,0.15,1621 Buhne Dr,287000,196882,90118,1.3,40.7397369,-124.2186024,14350,229366.25666885526,319484.25666885526,287000,TRUE,287000,0,0,229366.25666885526,90118,-32484.25666885526,profit
41,Intermediate,NA,11.671,TRUE,1000,11.671,12,1.0990755055804706,10,11,12,13,3,flood_storm_mc,early,not_applicable,NA,baseline,0.05,0.02,0.15,135 Cod St,255575,175324.45,80250.55,1.3,40.7395126,-124.2181152,12778.75,134483.5837842879,214734.1337842879,214734.1337842879,FALSE,255575,15.979992650185704,40840.8662157121,134483.5837842879,80250.55,-1.4551915228366852e-11,profit
42,Intermediate,NA,48.405,TRUE,1000,48.405,49,1.1765880159849322,46,48,49,50,4,flood_storm_mc,mid_term,not_applicable,NA,baseline,0.05,0.02,0.15,99 Cod St,298661,204881.446,93779.554,1.3,40.7392384,-124.2175387,14933.050000000001,469555.60867047013,563335.1626704701,298661,TRUE,298661,0,0,469555.60867047013,93779.554,-264674.16267047013,profit
43,Intermediate,NA,63.785,TRUE,1000,63.785,64,1.3522587043918792,61,64,65,65,4,flood_storm_mc,late,not_applicable,NA,baseline,0.05,0.02,0.15,15 Cod St,438750,300982.5,137767.5,1.3,40.7387943,-124.2165956,21937.5,802442.4566088344,940209.9566088344,438750,TRUE,438750,0,0,802442.4566088344,137767.5,-501459.95660883444,profit
44,Intermediate,NA,43.041,TRUE,1000,43.041,43,1.1200774855221283,41,42,44,44,3,flood_storm_mc,mid_term,not_applicable,NA,baseline,0.05,0.02,0.15,26 Crab St,341571,234317.706,107253.294,0.25,40.7385636,-124.2171148,17078.55,499589.56226178765,606842.8562617877,341571,TRUE,341571,0,0,499589.56226178765,107253.294,-265271.85626178765,profit
45,Intermediate,NA,38.403,TRUE,1000,38.403,39,1.0591093960081333,36,38,39,40,4,flood_storm_mc,mid_term,not_applicable,NA,baseline,0.05,0.02,0.15,52 Crab St,365282,250583.452,114698.548,-0.47,40.7386619,-124.2173508,18264.100000000002,496061.44893896376,610759.9969389638,365282,TRUE,365282,0,0,496061.44893896376,114698.548,-245477.99693896377,profit
46,Intermediate,NA,42.922,TRUE,1000,42.922,43,1.110472489145566,41,42,44,44,3,flood_storm_mc,mid_term,not_applicable,NA,baseline,0.05,0.02,0.15,120 Crab St,299452,205424.072,94027.928,0.01,40.7390501,-124.2182181,14972.6,437217.1228862657,531245.0508862657,299452,TRUE,299452,0,0,437217.1228862657,94027.928,-231793.0508862657,profit
47,Intermediate,NA,65.606,TRUE,1000,65.606,66,1.5928908629599523,62,65,67,67,5,flood_storm_mc,late,not_applicable,NA,baseline,0.05,0.02,0.15,138 Crab St,439856,301741.216,138114.784,1.16,40.7391341,-124.2183467,21992.800000000003,815698.738512596,953813.522512596,439856,TRUE,439856,0,0,815698.738512596,138114.784,-513957.522512596,profit
48,Intermediate,NA,9.871,TRUE,1000,9.871,10,1.039923285843932,8,9,11,11,3,flood_storm_mc,immediate,not_applicable,NA,baseline,0.05,0.02,0.15,163 Crab St,391076,268278.136,122797.864,1.3,40.7390154,-124.2189426,19553.8,177064.0368150982,299861.9008150982,299861.9008150982,FALSE,391076,23.323880571781906,91214.0991849018,177064.0368150982,122797.864,0,break_even
49,Intermediate,NA,6.629,TRUE,1000,6.629,7,1.06230291700978,5,6,7,8,3,flood_storm_mc,immediate,not_applicable,NA,baseline,0.05,0.02,0.15,135 Crab St,344738,236490.26799999998,108247.732,1.3,40.7388757,-124.2186589,17236.9,108145.0596630856,216392.7916630856,216392.7916630856,FALSE,344738,37.2297827152546,128345.2083369144,108145.0596630856,108247.732,0,break_even
50,Intermediate,NA,60.109,TRUE,1000,60.109,61,1.2972285079359773,58,60,61,61,3,flood_storm_mc,late,not_applicable,NA,baseline,0.05,0.02,0.15,123 Crab St,326438,223936.468,102501.532,1.3,40.7387997,-124.2184263,16321.900000000001,579258.0207370215,681759.5527370215,326438,TRUE,326438,0,0,579258.0207370215,102501.532,-355321.55273702147,profit
51,Intermediate,NA,36.331,TRUE,1000,36.331,37,1.0490660320206444,34,36,37,38,4,flood_storm_mc,mid_term,not_applicable,NA,baseline,0.05,0.02,0.15,105 Crab St,243924,167331.864,76592.136,1.3,40.7387073,-124.2181151,12196.2,319076.4870198156,395668.6230198156,243924,TRUE,243924,0,0,319076.4870198156,76592.136,-151744.6230198156,profit
52,Intermediate,NA,20.94,TRUE,1000,20.94,21,1.075898488500452,19,20,22,22,3,flood_storm_mc,early,not_applicable,NA,baseline,0.05,0.02,0.15,83 Crab St,277883,190627.738,87255.262,1.3,40.7386596,-124.2179455,13894.150000000001,240527.6021133938,327782.8641133938,277883,TRUE,277883,0,0,240527.6021133938,87255.262,-49899.86411339381,profit
53,Intermediate,NA,64.78,TRUE,1000,64.78,65,1.429560647067358,62,64,66,66,4,flood_storm_mc,late,not_applicable,NA,baseline,0.05,0.02,0.15,85 (69) Crab St,371255,254680.93,116574.07,1.3,40.7385792,-124.2179989,18562.75,684221.9738814386,800796.0438814387,371255,TRUE,371255,0,0,684221.9738814386,116574.07,-429541.0438814386,profit
54,Intermediate,NA,74.787,TRUE,1000,74.787,76,1.9285617310188312,70,74,76,76,6,flood_storm_mc,late,not_applicable,NA,baseline,0.05,0.02,0.15,57 Crab St,380725,261177.35,119547.65,1.3,40.7384375,-124.2176553,19036.25,750063.258974488,869610.908974488,380725,TRUE,380725,0,0,750063.258974488,119547.65,-488885.90897448803,profit
55,Intermediate,NA,53.958,TRUE,1000,53.958,54,1.296887781543923,51.95,53,55,55,3.049999999999997,flood_storm_mc,late,not_applicable,NA,baseline,0.05,0.02,0.15,31 Crab St,333532,228802.952,104729.048,1.3,40.7383085,-124.2173666,16676.600000000002,558340.6366926335,663069.6846926335,333532,TRUE,333532,0,0,558340.6366926335,104729.048,-329537.6846926335,profit
56,Intermediate,NA,38.23,TRUE,1000,38.23,38.5,1.1046810943979808,36,38,39,40,4,flood_storm_mc,mid_term,not_applicable,NA,baseline,0.05,0.02,0.15,25 Crab St,277312,190236.032,87075.968,1.3,40.7383127,-124.2172382,13865.6,375461.78729414445,462537.75529414444,277312,TRUE,277312,0,0,375461.78729414445,87075.968,-185225.75529414444,profit
57,Intermediate,NA,54.948,TRUE,1000,54.948,55,1.2996095509748244,53,54,56,56,3,flood_storm_mc,late,not_applicable,NA,baseline,0.05,0.02,0.15,1723 Buhne Dr,316822,217339.892,99482.10800000001,1.3,40.739155,-124.2192062,15841.1,535755.5402861738,635237.6482861738,316822,TRUE,316822,0,0,535755.5402861738,99482.10800000001,-318415.6482861738,profit
58,Intermediate,NA,21.926,TRUE,1000,21.926,22,1.0879833214290133,20,21,23,23,3,flood_storm_mc,early,not_applicable,NA,baseline,0.05,0.02,0.15,130 Perch St,305500,209573,95927,1.24,40.7384699,-124.2187065,15275,274382.26085142023,370309.26085142023,305500,TRUE,305500,0,0,274382.26085142023,95927,-64809.26085142023,profit
59,Intermediate,NA,27.575,TRUE,1000,27.575,28,1.1294470552667135,25,27,28,29,4,flood_storm_mc,mid_term,not_applicable,NA,baseline,0.05,0.02,0.15,98 Perch St,360648,247404.528,113243.472,0.22,40.738338,-124.2183033,18032.4,386963.10133117024,500206.57333117025,360648,TRUE,360648,0,0,386963.10133117024,113243.472,-139558.57333117025,profit
60,Intermediate,NA,33.777,TRUE,1000,33.777,34,1.1439316323887454,32,33,35,35,3,flood_storm_mc,mid_term,not_applicable,NA,baseline,0.05,0.02,0.15,32 Perch St,312581,214430.566,98150.434,0.22,40.7379142,-124.2174716,15629.050000000001,388748.29087450774,486898.72487450775,312581,TRUE,312581,0,0,388748.29087450774,98150.434,-174317.72487450775,profit
61,Intermediate,NA,51.019,TRUE,1000,51.019,51,1.210828272342988,49,50,52,52,3,flood_storm_mc,late,not_applicable,NA,baseline,0.05,0.02,0.15,10 Perch St,201455,138198.13,63256.87,1.23,40.737652,-124.2172012,10072.75,326665.26516668405,389922.13516668405,201455,TRUE,201455,0,0,326665.26516668405,63256.87,-188467.13516668405,profit
62,Intermediate,NA,7.868,TRUE,1000,7.868,8,0.8278050865156974,6,7,8,9,3,flood_storm_mc,immediate,not_applicable,NA,baseline,0.05,0.02,0.15,25 Halibut Ave,292645,200754.47,91890.53,1.3,40.7367277,-124.2193352,14632.25,107665.00756554883,199555.53756554885,199555.53756554885,FALSE,292645,31.809688337217846,93089.46243445115,107665.00756554883,91890.53,1.4551915228366852e-11,near_break_even
1,Intermediate_High,NA,1,TRUE,1000,1,1,0,1,1,1,1,0,flood_storm_mc,immediate,not_applicable,NA,baseline,0.05,0.02,0.15,1179 King Salmon Ave,552000,378672,173328,1.59,40.7406328,-124.2156908,27600,27599.999999999996,200928,200928,FALSE,552000,63.6,351072,27599.999999999996,173328,0,break_even
2,Intermediate_High,NA,34.708,TRUE,1000,34.708,35,0.6849855510922878,33,34,35,36,3,flood_storm_mc,mid_term,not_applicable,NA,baseline,0.05,0.02,0.15,1201 King Salmon Ave,362304,248540.544,113763.456,1.46,40.7407655,-124.2157915,18115.2,459233.1104198487,572996.5664198487,362304,TRUE,362304,0,0,459233.1104198487,113763.456,-210692.5664198487,profit
3,Intermediate_High,NA,54.867,TRUE,1000,54.867,55,0.7719500676254306,54,54,55,56,2,flood_storm_mc,late,not_applicable,NA,baseline,0.05,0.02,0.15,1213 King Salmon Ave,362000,248332,113668,1.63,40.7409544,-124.2156305,18100,611653.7350615177,725321.7350615177,362000,TRUE,362000,0,0,611653.7350615177,113668,-363321.7350615177,profit
4,Intermediate_High,NA,57.967,TRUE,1000,57.967,58,0.8858305118337795,56,57,59,59,3,flood_storm_mc,late,not_applicable,NA,baseline,0.05,0.02,0.15,1215 King Salmon Ave,345190,236800.34,108389.66,1.65,40.7410356,-124.2155921,17259.5,600933.6677357493,709323.3277357493,345190,TRUE,345190,0,0,600933.6677357493,108389.66,-364133.3277357493,profit
5,Intermediate_High,NA,23.136,TRUE,1000,23.136,23,0.7616325124914798,22,23,24,24,2,flood_storm_mc,early,not_applicable,NA,baseline,0.05,0.02,0.15,1229 King Salmon Ave,293893,201610.598,92282.402,1.68,40.7411812,-124.2155331,14694.650000000001,275451.6988353042,367734.1008353042,293893,TRUE,293893,0,0,275451.6988353042,92282.402,-73841.10083530418,profit
6,Intermediate_High,NA,17.017,TRUE,1000,17.017,17,0.7411209484694521,16,17,18,18,2,flood_storm_mc,early,not_applicable,NA,baseline,0.05,0.02,0.15,1237 King Salmon Ave,208480,143017.28,65462.72,1.53,40.7413053,-124.2155155,10424,152085.83289976645,217548.55289976645,208480,TRUE,208480,0,0,152085.83289976645,65462.72,-9068.552899766451,profit
7,Intermediate_High,NA,21.733,TRUE,1000,21.733,22,0.7100811328399137,20.950000000000003,21,22,23,2.049999999999997,flood_storm_mc,early,not_applicable,NA,baseline,0.05,0.02,0.15,1245 King Salmon Ave,315000,216090,98910,1.68,40.7413476,-124.2154337,15750,280922.1274867719,379832.1274867719,315000,TRUE,315000,0,0,280922.1274867719,98910,-64832.127486771904,profit
8,Intermediate_High,NA,8.367,TRUE,1000,8.367,8,0.6875927455869381,7,8,9,9,2,flood_storm_mc,immediate,not_applicable,NA,baseline,0.05,0.02,0.15,1337 Buhne Dr,275000,188650,86350,1.22,40.7410645,-124.2162205,13750,107073.82027485939,193423.82027485938,193423.82027485938,FALSE,275000,29.66406535459659,81576.17972514062,107073.82027485939,86350,-1.4551915228366852e-11,profit
9,Intermediate_High,NA,44.163,TRUE,1000,44.163,44,0.8385309380900231,43,44,45,45,2,flood_storm_mc,mid_term,not_applicable,NA,baseline,0.05,0.02,0.15,64 Herring St,397000,272342,124658,1.3,40.740805,-124.2164141,19850,590147.0128559851,714805.0128559851,397000,TRUE,397000,0,0,590147.0128559851,124658,-317805.0128559851,profit
10,Intermediate_High,NA,42.545,TRUE,1000,42.545,43,0.6829651831839171,41,42,43,43,2,flood_storm_mc,mid_term,not_applicable,NA,baseline,0.05,0.02,0.15,61 Herring St,264655,181553.33000000002,83101.67,1.3,40.7405124,-124.216443,13232.75,384249.9303280733,467351.60032807325,264655,TRUE,264655,0,0,384249.9303280733,83101.67,-202696.60032807325,profit
11,Intermediate_High,NA,23.027,TRUE,1000,23.027,23,0.7686753943387689,22,23,24,24,2,flood_storm_mc,early,not_applicable,NA,baseline,0.05,0.02,0.15,85 Herring St,297000,203742,93258,1.3,40.7407541,-124.2169505,14850,277328.73777455045,370586.73777455045,297000,TRUE,297000,0,0,277328.73777455045,93258,-73586.73777455045,profit
12,Intermediate_High,NA,38.661,TRUE,1000,38.661,39,0.7242952461556017,37,38,39,40,3,flood_storm_mc,mid_term,not_applicable,NA,baseline,0.05,0.02,0.15,1417 Buhne Dr,362500,248675,113825,1.29,40.7408173,-124.2171311,18125,494485.3879500522,608310.3879500523,362500,TRUE,362500,0,0,494485.3879500522,113825,-245810.38795005222,profit
13,Intermediate_High,NA,35.933,TRUE,1000,35.933,36,0.710644788917794,35,36,36,37,2,flood_storm_mc,mid_term,not_applicable,NA,baseline,0.05,0.02,0.15,1445 Buhne Dr,281034,192789.324,88244.676,1.3,40.7407323,-124.2172635,14051.7,364858.3777093688,453103.0537093688,281034,TRUE,281034,0,0,364858.3777093688,88244.676,-172069.05370936883,profit
14,Intermediate_High,NA,48.579,TRUE,1000,48.579,49,0.6325813458830091,47,48,49,49,2,flood_storm_mc,mid_term,not_applicable,NA,baseline,0.05,0.02,0.15,1473 Buhne Dr,275135,188742.61,86392.39,1.3,40.7405944,-124.2174532,13756.75,433493.34682096244,519885.73682096245,275135,TRUE,275135,0,0,433493.34682096244,86392.39,-244750.73682096245,profit
15,Intermediate_High,NA,60.134,TRUE,1000,60.134,60,0.9854009412493043,58,60,61,61,3,flood_storm_mc,late,not_applicable,NA,baseline,0.05,0.02,0.15,1493 Buhne Dr,399000,273714,125286,1.3,40.7404946,-124.2175968,19950,708171.0605899073,833457.0605899073,399000,TRUE,399000,0,0,708171.0605899073,125286,-434457.06058990734,profit
16,Intermediate_High,NA,20.651,TRUE,1000,20.651,21,0.6209545752988576,19.950000000000003,20,21,21,1.0499999999999972,flood_storm_mc,early,not_applicable,NA,baseline,0.05,0.02,0.15,184 Sole St,267907,183784.202,84122.798,1.3,40.740378,-124.2173647,13395.35,229302.65583986545,313425.45383986545,267907,TRUE,267907,0,0,229302.65583986545,84122.798,-45518.45383986544,profit
17,Intermediate_High,NA,18.903,TRUE,1000,18.903,19,0.6856099919495493,18,19,19,20,2,flood_storm_mc,early,not_applicable,NA,baseline,0.05,0.02,0.15,162 Sole St,273097,187344.54200000002,85752.458,1.3,40.7403202,-124.2172265,13654.85,217449.68200479966,303202.14000479964,273097,TRUE,273097,0,0,217449.68200479966,85752.458,-30105.140004799658,profit
18,Intermediate_High,NA,12.071,TRUE,1000,12.071,12,0.6726153517512156,11,12,12,13,2,flood_storm_mc,early,not_applicable,NA,baseline,0.05,0.02,0.15,150 Sole St,276892,189947.912,86944.088,1.3,40.7402612,-124.2171174,13844.6,150121.808350137,237065.89635013702,237065.89635013702,FALSE,276892,14.383262661927033,39826.103649862984,150121.808350137,86944.088,1.4551915228366852e-11,near_break_even
19,Intermediate_High,NA,37.412,TRUE,1000,37.412,38,0.6962332516770086,36,37,38,38,2,flood_storm_mc,mid_term,not_applicable,NA,baseline,0.05,0.02,0.15,142 Sole St,313833,215289.438,98543.562,1.3,40.7402057,-124.2169684,15691.650000000001,418778.87548351084,517322.4374835108,313833,TRUE,313833,0,0,418778.87548351084,98543.562,-203489.43748351085,profit
20,Intermediate_High,NA,21.654,TRUE,1000,21.654,22,0.7005531919667305,20,21,22,23,3,flood_storm_mc,early,not_applicable,NA,baseline,0.05,0.02,0.15,118 Sole St,300000,205800,94200,1.27,40.7401167,-124.2167667,15000,266766.051731062,360966.051731062,300000,TRUE,300000,0,0,266766.051731062,94200,-60966.051731062005,profit
21,Intermediate_High,NA,33.216,TRUE,1000,33.216,33,0.7535993046121473,32,33,34,34,2,flood_storm_mc,mid_term,not_applicable,NA,baseline,0.05,0.02,0.15,106 Sole St,360000,246960,113040,1.28,40.7400397,-124.2166028,18000,442468.4065568473,555508.4065568473,360000,TRUE,360000,0,0,442468.4065568473,113040,-195508.40655684727,profit
22,Intermediate_High,NA,34.053,TRUE,1000,34.053,34,0.671298474332872,33,34,34,35,2,flood_storm_mc,mid_term,not_applicable,NA,baseline,0.05,0.02,0.15,98 Sole St,283217,194286.862,88930.138,1.15,40.7400329,-124.2164031,14160.85,354245.6889262219,443175.82692622195,283217,TRUE,283217,0,0,354245.6889262219,88930.138,-159958.82692622193,profit
23,Intermediate_High,NA,32.132,TRUE,1000,32.132,32,0.7517586987465733,31,32,33,33,2,flood_storm_mc,mid_term,not_applicable,NA,baseline,0.05,0.02,0.15,62 Sole St,337695,231658.77000000002,106036.23,1.3,40.7399458,-124.2163248,16884.75,405374.9632668423,511411.1932668423,337695,TRUE,337695,0,0,405374.9632668423,106036.23,-173716.19326684228,profit
24,Intermediate_High,NA,44.761,TRUE,1000,44.761,45,0.6858202019110762,44,44,45,46,2,flood_storm_mc,mid_term,not_applicable,NA,baseline,0.05,0.02,0.15,54 Sole St,449201,308151.886,141049.114,1.79,40.7399238,-124.2161763,22460.050000000003,673368.4133249774,814417.5273249773,449201,TRUE,449201,0,0,673368.4133249774,141049.114,-365216.5273249774,profit
25,Intermediate_High,NA,35.699,TRUE,1000,35.699,36,0.7147796233175019,34,35,36,37,3,flood_storm_mc,mid_term,not_applicable,NA,baseline,0.05,0.02,0.15,44 Sole St,238574,163661.764,74912.236,1.2,40.7398551,-124.2160615,11928.7,308346.7712998844,383259.00729988446,238574,TRUE,238574,0,0,308346.7712998844,74912.236,-144685.00729988443,profit
26,Intermediate_High,NA,47.051,TRUE,1000,47.051,47,0.8167411254896291,46,47,48,48,2,flood_storm_mc,mid_term,not_applicable,NA,baseline,0.05,0.02,0.15,16 Sole St,450000,308700,141300,1.08,40.739712,-124.2157682,22500,695533.7427146131,836833.7427146131,450000,TRUE,450000,0,0,695533.7427146131,141300,-386833.7427146131,profit
27,Intermediate_High,NA,48.84,TRUE,1000,48.84,49,0.7133785172746016,48,49,49,50,2,flood_storm_mc,mid_term,not_applicable,NA,baseline,0.05,0.02,0.15,8 Sole St,350000,240100,109900,1.09,40.739687000000004,-124.215556,17500,553206.2686052095,663106.2686052095,350000,TRUE,350000,0,0,553206.2686052095,109900,-313106.26860520954,profit
28,Intermediate_High,NA,80.867,TRUE,1000,80.867,81,0.5564356392437679,80,81,81,81,1,no_retreat,no_retreat,not_applicable,NA,baseline,0.05,0.02,0.15,6 Sole St,371665,254962.19,116702.81,0.9,40.739554,-124.215382,18583.25,NA,NA,NA,NA,NA,NA,NA,NA,116702.81,NA,NA
29,Intermediate_High,NA,7.877,TRUE,1000,7.877,8,0.6725498667930306,7,8,8,9,2,flood_storm_mc,immediate,not_applicable,NA,baseline,0.05,0.02,0.15,155 Sole St,261516,179399.976,82116.024,1.3,40.74009,-124.2174363,13075.800000000001,96314.24628792747,178430.27028792747,178430.27028792747,FALSE,261516,31.770801676407,83085.72971207253,96314.24628792747,82116.024,0,break_even
30,Intermediate_High,NA,13.631,TRUE,1000,13.631,14,0.6444022456930565,12,13,14,14,2,flood_storm_mc,early,not_applicable,NA,baseline,0.05,0.02,0.15,143 Sole St,310296,212863.05599999998,97432.944,1.3,40.7400347,-124.2173321,15514.800000000001,187184.59349433647,284617.5374943365,284617.5374943365,FALSE,310296,8.27547325961776,25678.462505663512,187184.59349433647,97432.944,1.4551915228366852e-11,near_break_even
31,Intermediate_High,NA,43.546,TRUE,1000,43.546,44,0.6725595411086934,42,43,44,44,2,flood_storm_mc,mid_term,not_applicable,NA,baseline,0.05,0.02,0.15,109 Sole St,280000,192080,87920,1.3,40.7398044,-124.2168656,14000,412563.99022164097,500483.99022164097,280000,TRUE,280000,0,0,412563.99022164097,87920,-220483.99022164097,profit
32,Intermediate_High,NA,65.871,TRUE,1000,65.871,66,1.2401197107121944,64,65,67,67,3,flood_storm_mc,late,not_applicable,NA,baseline,0.05,0.02,0.15,7 Sole St,357172,245019.992,112152.008,1.31,40.7392837,-124.2156342,17858.600000000002,663664.1749295193,775816.1829295193,357172,TRUE,357172,0,0,663664.1749295193,112152.008,-418644.18292951933,profit
33,Intermediate_High,NA,18.351,TRUE,1000,18.351,18,0.6784240998514567,17,18,19,19,2,flood_storm_mc,early,not_applicable,NA,baseline,0.05,0.02,0.15,165 Sole St,280006,192084.11599999998,87921.884,1.3,40.7401379,-124.2175767,14000.300000000001,217553.5818099887,305475.46580998873,280006,TRUE,280006,0,0,217553.5818099887,87921.884,-25469.465809988717,profit
34,Intermediate_High,NA,50.237,TRUE,1000,50.237,50,0.7080482556523477,49,50,51,51,2,flood_storm_mc,late,not_applicable,NA,baseline,0.05,0.02,0.15,1515 Buhne Dr,297514,204094.604,93419.396,1.3,40.7402749,-124.2178933,14875.7,478116.8461667629,571536.2421667628,297514,TRUE,297514,0,0,478116.8461667629,93419.396,-274022.2421667629,profit
35,Intermediate_High,NA,57.12,TRUE,1000,57.12,57,0.8822575465125693,56,56,58,58,2,flood_storm_mc,late,not_applicable,NA,baseline,0.05,0.02,0.15,1591 Buhne Dr,363724,249514.664,114209.336,1.3,40.7399367,-124.2183341,18186.2,628221.2768708867,742430.6128708867,363724,TRUE,363724,0,0,628221.2768708867,114209.336,-378706.6128708867,profit
36,Intermediate_High,NA,13,TRUE,1000,13,13,0.7214710808622342,12,13,13,14,2,flood_storm_mc,early,not_applicable,NA,baseline,0.05,0.02,0.15,130 Cod St,320994,220201.88400000002,100792.116,1.3,40.7397376,-124.217678,16049.7,185780.75399335445,286572.8699933544,286572.8699933544,FALSE,320994,10.723293895414109,34421.13000664557,185780.75399335445,100792.116,-1.4551915228366852e-11,profit
37,Intermediate_High,NA,21.708,TRUE,1000,21.708,22,0.6396445459355885,21,21,22,23,2,flood_storm_mc,early,not_applicable,NA,baseline,0.05,0.02,0.15,126 Cod St,365000,250390,114610,1.3,40.7396932,-124.2176589,18250,325213.2350950903,439823.2350950903,365000,TRUE,365000,0,0,325213.2350950903,114610,-74823.23509509029,profit
38,Intermediate_High,NA,50.388,TRUE,1000,50.388,51,0.744318486946287,49,50,51,51,2,flood_storm_mc,late,not_applicable,NA,baseline,0.05,0.02,0.15,16 Cod St,355668,243988.248,111679.75200000001,1.19,40.7390951,-124.2164154,17783.4,572573.996661776,684253.748661776,355668,TRUE,355668,0,0,572573.996661776,111679.75200000001,-328585.74866177596,profit
39,Intermediate_High,NA,5.897,TRUE,1000,5.897,6,0.7258911198781246,5,5,6,7,2,flood_storm_mc,immediate,not_applicable,NA,baseline,0.05,0.02,0.15,1671 Buhne Dr,309032,211995.952,97036.048,1.3,40.7395467,-124.2188765,15451.6,86853.37587381138,183889.42387381138,183889.42387381138,FALSE,309032,40.495021915590826,125142.57612618862,86853.37587381138,97036.048,0,break_even
40,Intermediate_High,NA,1,TRUE,1000,1,1,0,1,1,1,1,0,flood_storm_mc,immediate,not_applicable,NA,baseline,0.05,0.02,0.15,1621 Buhne Dr,287000,196882,90118,1.3,40.7397369,-124.2186024,14350,14349.999999999998,104468,104468,FALSE,287000,63.6,182532,14349.999999999998,90118,0,break_even
41,Intermediate_High,NA,1,TRUE,1000,1,1,0,1,1,1,1,0,flood_storm_mc,immediate,not_applicable,NA,baseline,0.05,0.02,0.15,135 Cod St,255575,175324.45,80250.55,1.3,40.7395126,-124.2181152,12778.75,12778.75,93029.3,93029.3,FALSE,255575,63.6,162545.7,12778.75,80250.55,0,break_even
42,Intermediate_High,NA,20.516,TRUE,1000,20.516,21,0.6466545926243485,19,20,21,21,2,flood_storm_mc,early,not_applicable,NA,baseline,0.05,0.02,0.15,99 Cod St,298661,204881.446,93779.554,1.3,40.7392384,-124.2175387,14933.050000000001,254270.70420539044,348050.2582053904,298661,TRUE,298661,0,0,254270.70420539044,93779.554,-49389.25820539045,profit
43,Intermediate_High,NA,31.061,TRUE,1000,31.061,31,0.7654180980776878,30,31,32,32,2,flood_storm_mc,mid_term,not_applicable,NA,baseline,0.05,0.02,0.15,15 Cod St,438750,300982.5,137767.5,1.3,40.7387943,-124.2165956,21937.5,513990.7856944677,651758.2856944677,438750,TRUE,438750,0,0,513990.7856944677,137767.5,-213008.28569446772,profit
44,Intermediate_High,NA,16.299,TRUE,1000,16.299,16,0.7630079823836584,15,16,17,17,2,flood_storm_mc,early,not_applicable,NA,baseline,0.05,0.02,0.15,26 Crab St,341571,234317.706,107253.294,0.25,40.7385636,-124.2171148,17078.55,240270.99036940577,347524.28436940577,341571,TRUE,341571,0,0,240270.99036940577,107253.294,-5953.2843694057665,profit
45,Intermediate_High,NA,13.172,TRUE,1000,13.172,13,0.7635437112562705,12,13,14,14,2,flood_storm_mc,early,not_applicable,NA,baseline,0.05,0.02,0.15,52 Crab St,365282,250583.452,114698.548,-0.47,40.7386619,-124.2173508,18264.100000000002,213861.5653765661,328560.1133765661,328560.1133765661,FALSE,365282,10.053023861957033,36721.88662343391,213861.5653765661,114698.548,-1.4551915228366852e-11,profit
46,Intermediate_High,NA,16.229,TRUE,1000,16.229,16,0.7437150745494622,15,16,17,17,2,flood_storm_mc,early,not_applicable,NA,baseline,0.05,0.02,0.15,120 Crab St,299452,205424.072,94027.928,0.01,40.7390501,-124.2182181,14972.6,209876.22412079407,303904.15212079405,299452,TRUE,299452,0,0,209876.22412079407,94027.928,-4452.152120794068,profit
47,Intermediate_High,NA,32.04,TRUE,1000,32.04,32,0.7489732711926114,31,32,33,33,2,flood_storm_mc,mid_term,not_applicable,NA,baseline,0.05,0.02,0.15,138 Crab St,439856,301741.216,138114.784,1.16,40.7391341,-124.2183467,21992.800000000003,526928.3370524552,665043.1210524552,439856,TRUE,439856,0,0,526928.3370524552,138114.784,-225187.1210524552,profit
48,Intermediate_High,NA,1,TRUE,1000,1,1,0,1,1,1,1,0,flood_storm_mc,immediate,not_applicable,NA,baseline,0.05,0.02,0.15,163 Crab St,391076,268278.136,122797.864,1.3,40.7390154,-124.2189426,19553.8,19553.8,142351.664,142351.664,FALSE,391076,63.6,248724.336,19553.8,122797.864,-1.4551915228366852e-11,profit
49,Intermediate_High,NA,1,TRUE,1000,1,1,0,1,1,1,1,0,flood_storm_mc,immediate,not_applicable,NA,baseline,0.05,0.02,0.15,135 Crab St,344738,236490.26799999998,108247.732,1.3,40.7388757,-124.2186589,17236.9,17236.9,125484.63200000001,125484.63200000001,FALSE,344738,63.59999999999999,219253.368,17236.9,108247.732,1.4551915228366852e-11,near_break_even
50,Intermediate_High,NA,27.072,TRUE,1000,27.072,27,0.723421964927344,26,27,28,28,2,flood_storm_mc,mid_term,not_applicable,NA,baseline,0.05,0.02,0.15,123 Crab St,326438,223936.468,102501.532,1.3,40.7387997,-124.2184263,16321.900000000001,345430.2690341531,447931.8010341531,326438,TRUE,326438,0,0,345430.2690341531,102501.532,-121493.80103415309,profit
51,Intermediate_High,NA,11.382,TRUE,1000,11.382,11,0.6932218667616858,10,11,12,12,2,flood_storm_mc,early,not_applicable,NA,baseline,0.05,0.02,0.15,105 Crab St,243924,167331.864,76592.136,1.3,40.7387073,-124.2181151,12196.2,125519.56899367609,202111.7049936761,202111.7049936761,FALSE,243924,17.141525641726073,41812.2950063239,125519.56899367609,76592.136,1.4551915228366852e-11,near_break_even
52,Intermediate_High,NA,1,TRUE,1000,1,1,0,1,1,1,1,0,flood_storm_mc,immediate,not_applicable,NA,baseline,0.05,0.02,0.15,83 Crab St,277883,190627.738,87255.262,1.3,40.7386596,-124.2179455,13894.150000000001,13894.150000000003,101149.41200000001,101149.41200000001,FALSE,277883,63.59999999999999,176733.588,13894.150000000003,87255.262,0,break_even
53,Intermediate_High,NA,31.069,TRUE,1000,31.069,31,0.7434996918572272,30,31,32,32,2,flood_storm_mc,mid_term,not_applicable,NA,baseline,0.05,0.02,0.15,85 (69) Crab St,371255,254680.93,116574.07,1.3,40.7385792,-124.2179989,18562.75,435002.20779424417,551576.2777942442,371255,TRUE,371255,0,0,435002.20779424417,116574.07,-180321.27779424418,profit
54,Intermediate_High,NA,35.512,TRUE,1000,35.512,36,0.6680586069367734,34,35,36,36,2,flood_storm_mc,mid_term,not_applicable,NA,baseline,0.05,0.02,0.15,57 Crab St,380725,261177.35,119547.65,1.3,40.7384375,-124.2176553,19036.25,490294.6618972138,609842.3118972138,380725,TRUE,380725,0,0,490294.6618972138,119547.65,-229117.31189721377,profit
55,Intermediate_High,NA,24.291,TRUE,1000,24.291,24,0.7854526949065335,23,24,25,25,2,flood_storm_mc,early,not_applicable,NA,baseline,0.05,0.02,0.15,31 Crab St,333532,228802.952,104729.048,1.3,40.7383085,-124.2173666,16676.600000000002,324766.7270500705,429495.7750500705,333532,TRUE,333532,0,0,324766.7270500705,104729.048,-95963.77505007047,profit
56,Intermediate_High,NA,13.102,TRUE,1000,13.102,13,0.7824373509797499,12,13,14,14,2,flood_storm_mc,early,not_applicable,NA,baseline,0.05,0.02,0.15,25 Crab St,277312,190236.032,87075.968,1.3,40.7383127,-124.2172382,13865.6,161602.0907231861,248678.05872318608,248678.05872318608,FALSE,277312,10.325532712906005,28633.941276813915,161602.0907231861,87075.968,0,break_even
57,Intermediate_High,NA,25.067,TRUE,1000,25.067,25,0.7753142021865149,24,25,26,26,2,flood_storm_mc,mid_term,not_applicable,NA,baseline,0.05,0.02,0.15,1723 Buhne Dr,316822,217339.892,99482.10800000001,1.3,40.739155,-124.2192062,15841.1,316111.40805553104,415593.51605553104,316822,TRUE,316822,0,0,316111.40805553104,99482.10800000001,-98771.51605553104,profit
58,Intermediate_High,NA,1.004,TRUE,1000,1.004,1,0.06315051850925682,1,1,1,1,0,flood_storm_mc,immediate,not_applicable,NA,baseline,0.05,0.02,0.15,130 Perch St,305500,209573,95927,1.24,40.7384699,-124.2187065,15275,15335.49463045294,111262.49463045294,111262.49463045294,FALSE,305500,63.580198156971214,194237.50536954706,15335.49463045294,95927,0,break_even
59,Intermediate_High,NA,4.646,TRUE,1000,4.646,5,0.6820184375434063,3,4,5,5,2,flood_storm_mc,immediate,not_applicable,NA,baseline,0.05,0.02,0.15,98 Perch St,360648,247404.528,113243.472,0.22,40.738338,-124.2183033,18032.4,80835.23200736487,194078.70400736487,194078.70400736487,FALSE,360648,46.18611388185575,166569.29599263513,80835.23200736487,113243.472,0,break_even
60,Intermediate_High,NA,9.349,TRUE,1000,9.349,9,0.7195253412609709,8,9,10,10,2,flood_storm_mc,immediate,not_applicable,NA,baseline,0.05,0.02,0.15,32 Perch St,312581,214430.566,98150.434,0.22,40.7379142,-124.2174716,15629.050000000001,134712.92774278607,232863.36174278607,232863.36174278607,FALSE,312581,25.503033855932998,79717.63825721393,134712.92774278607,98150.434,1.4551915228366852e-11,near_break_even
61,Intermediate_High,NA,22.249,TRUE,1000,22.249,22,0.7507080408271664,21,22,23,23,2,flood_storm_mc,early,not_applicable,NA,baseline,0.05,0.02,0.15,10 Perch St,201455,138198.13,63256.87,1.23,40.737652,-124.2172012,10072.75,183056.83710536794,246313.70710536794,201455,TRUE,201455,0,0,183056.83710536794,63256.87,-44858.70710536795,profit
62,Intermediate_High,NA,1,TRUE,1000,1,1,0,1,1,1,1,0,flood_storm_mc,immediate,not_applicable,NA,baseline,0.05,0.02,0.15,25 Halibut Ave,292645,200754.47,91890.53,1.3,40.7367277,-124.2193352,14632.25,14632.25,106522.78,106522.78,FALSE,292645,63.6,186122.22,14632.25,91890.53,0,break_even
1,High,NA,1,TRUE,1000,1,1,0,1,1,1,1,0,flood_storm_mc,immediate,not_applicable,NA,baseline,0.05,0.02,0.15,1179 King Salmon Ave,552000,378672,173328,1.59,40.7406328,-124.2156908,27600,27599.999999999996,200928,200928,FALSE,552000,63.6,351072,27599.999999999996,173328,0,break_even
2,High,NA,13.104,TRUE,1000,13.104,13,0.7082977380210145,12,13,14,14,2,flood_storm_mc,early,not_applicable,NA,baseline,0.05,0.02,0.15,1201 King Salmon Ave,362304,248540.544,113763.456,1.46,40.7407655,-124.2157915,18115.2,211158.95382719705,324922.4098271971,324922.4098271971,FALSE,362304,10.317741502385546,37381.59017280291,211158.95382719705,113763.456,2.9103830456733704e-11,near_break_even
3,High,NA,30.959,TRUE,1000,30.959,31,0.7495871402851578,30,31,31,32,2,flood_storm_mc,mid_term,not_applicable,NA,baseline,0.05,0.02,0.15,1213 King Salmon Ave,362000,248332,113668,1.63,40.7409544,-124.2156305,18100,423070.0320462141,536738.0320462141,362000,TRUE,362000,0,0,423070.0320462141,113668,-174738.0320462141,profit
4,High,NA,33.364,TRUE,1000,33.364,34,0.7576794032294121,32,33,34,34,2,flood_storm_mc,mid_term,not_applicable,NA,baseline,0.05,0.02,0.15,1215 King Salmon Ave,345190,236800.34,108389.66,1.65,40.7410356,-124.2155921,17259.5,425600.13970710983,533989.7997071098,345190,TRUE,345190,0,0,425600.13970710983,108389.66,-188799.79970710984,profit
5,High,NA,3.387,TRUE,1000,3.387,3,0.6524236787982611,2,3,4,4,2,flood_storm_mc,immediate,not_applicable,NA,baseline,0.05,0.02,0.15,1229 King Salmon Ave,293893,201610.598,92282.402,1.68,40.7411812,-124.2155331,14694.650000000001,48616.584370700395,140898.9863707004,140898.9863707004,FALSE,293893,52.05772632532914,152994.0136292996,48616.584370700395,92282.402,1.4551915228366852e-11,near_break_even
6,High,NA,1,TRUE,1000,1,1,0,1,1,1,1,0,flood_storm_mc,immediate,not_applicable,NA,baseline,0.05,0.02,0.15,1237 King Salmon Ave,208480,143017.28,65462.72,1.53,40.7413053,-124.2155155,10424,10424,75886.72,75886.72,FALSE,208480,63.6,132593.28,10424,65462.72,0,break_even
7,High,NA,2.602,TRUE,1000,2.602,3,0.6260894408852364,1,2,3,3,2,flood_storm_mc,immediate,not_applicable,NA,baseline,0.05,0.02,0.15,1245 King Salmon Ave,315000,216090,98910,1.68,40.7413476,-124.2154337,15750,40340.3868843817,139250.3868843817,139250.3868843817,FALSE,315000,55.79352797321215,175749.6131156183,40340.3868843817,98910,0,break_even
8,High,NA,1,TRUE,1000,1,1,0,1,1,1,1,0,flood_storm_mc,immediate,not_applicable,NA,baseline,0.05,0.02,0.15,1337 Buhne Dr,275000,188650,86350,1.22,40.7410645,-124.2162205,13750,13750,100100,100100,FALSE,275000,63.6,174900,13750,86350,0,break_even
9,High,NA,21.137,TRUE,1000,21.137,21,0.7448394362450109,20,21,22,22,2,flood_storm_mc,early,not_applicable,NA,baseline,0.05,0.02,0.15,64 Herring St,397000,272342,124658,1.3,40.740805,-124.2164141,19850,346235.547285639,470893.547285639,397000,TRUE,397000,0,0,346235.547285639,124658,-73893.54728563898,profit
10,High,NA,20.241,TRUE,1000,20.241,20,0.7024332085062696,19,20,21,21,2,flood_storm_mc,early,not_applicable,NA,baseline,0.05,0.02,0.15,61 Herring St,264655,181553.33000000002,83101.67,1.3,40.7405124,-124.216443,13232.75,222864.24232002752,305965.91232002754,264655,TRUE,264655,0,0,222864.24232002752,83101.67,-41310.91232002752,profit
11,High,NA,4.041,TRUE,1000,4.041,4,0.7083931258989042,3,4,4,5,2,flood_storm_mc,immediate,not_applicable,NA,baseline,0.05,0.02,0.15,85 Herring St,297000,203742,93258,1.3,40.7407541,-124.2169505,14850,58243.5070427814,151501.5070427814,151501.5070427814,FALSE,297000,48.98939156808707,145498.4929572186,58243.5070427814,93258,0,break_even
12,High,NA,17.061,TRUE,1000,17.061,17,0.7319937259395157,16,17,18,18,2,flood_storm_mc,early,not_applicable,NA,baseline,0.05,0.02,0.15,1417 Buhne Dr,362500,248675,113825,1.29,40.7408173,-124.2171311,18125,265017.9397009273,378842.9397009273,362500,TRUE,362500,0,0,265017.9397009273,113825,-16342.939700927294,profit
13,High,NA,15.066,TRUE,1000,15.066,15,0.7029495985759847,14,15,16,16,2,flood_storm_mc,early,not_applicable,NA,baseline,0.05,0.02,0.15,1445 Buhne Dr,281034,192789.324,88244.676,1.3,40.7407323,-124.2172635,14051.7,184860.54751899422,273105.22351899423,273105.22351899423,FALSE,281034,2.821287275207185,7928.776481005771,184860.54751899422,88244.676,0,break_even
14,High,NA,26.215,TRUE,1000,26.215,26,0.7122375181653113,25,26,27,27,2,flood_storm_mc,mid_term,not_applicable,NA,baseline,0.05,0.02,0.15,1473 Buhne Dr,275135,188742.61,86392.39,1.3,40.7405944,-124.2174532,13756.75,284117.2842544181,370509.6742544181,275135,TRUE,275135,0,0,284117.2842544181,86392.39,-95374.6742544181,profit
15,High,NA,35.831,TRUE,1000,35.831,36,0.7231610899114816,35,35,36,37,2,flood_storm_mc,mid_term,not_applicable,NA,baseline,0.05,0.02,0.15,1493 Buhne Dr,399000,273714,125286,1.3,40.7404946,-124.2175968,19950,517000.42851225316,642286.4285122531,399000,TRUE,399000,0,0,517000.42851225316,125286,-243286.42851225316,profit
16,High,NA,2.283,TRUE,1000,2.283,2,0.6255416071711796,1,2,3,3,2,flood_storm_mc,immediate,not_applicable,NA,baseline,0.05,0.02,0.15,184 Sole St,267907,183784.202,84122.798,1.3,40.740378,-124.2173647,13395.35,30197.629722254154,114320.42772225416,114320.42772225416,FALSE,267907,57.328316273089484,153586.57227774584,30197.629722254154,84122.798,1.4551915228366852e-11,near_break_even
17,High,NA,1.014,TRUE,1000,1.014,1,0.11754921445002436,1,1,1,1,0,flood_storm_mc,immediate,not_applicable,NA,baseline,0.05,0.02,0.15,162 Sole St,273097,187344.54200000002,85752.458,1.3,40.7403202,-124.2172265,13654.85,13844.105098285294,99596.56309828529,99596.56309828529,FALSE,273097,63.53070041110473,173500.4369017147,13844.105098285294,85752.458,0,break_even
18,High,NA,1,TRUE,1000,1,1,0,1,1,1,1,0,flood_storm_mc,immediate,not_applicable,NA,baseline,0.05,0.02,0.15,150 Sole St,276892,189947.912,86944.088,1.3,40.7402612,-124.2171174,13844.6,13844.600000000002,100788.68800000001,100788.68800000001,FALSE,276892,63.59999999999999,176103.31199999998,13844.600000000002,86944.088,0,break_even
19,High,NA,15.946,TRUE,1000,15.946,16,0.6568984057793987,15,16,16,17,2,flood_storm_mc,early,not_applicable,NA,baseline,0.05,0.02,0.15,142 Sole St,313833,215289.438,98543.562,1.3,40.7402057,-124.2169684,15691.650000000001,216694.08254650823,315237.6445465082,313833,TRUE,313833,0,0,216694.08254650823,98543.562,-1404.644546508236,profit
20,High,NA,2.744,TRUE,1000,2.744,3,0.6073160897200344,2,2,3,4,2,flood_storm_mc,immediate,not_applicable,NA,baseline,0.05,0.02,0.15,118 Sole St,300000,205800,94200,1.27,40.7401167,-124.2167667,15000,40459.67120430265,134659.67120430263,134659.67120430263,FALSE,300000,55.11344293189913,165340.32879569737,40459.67120430265,94200,-1.4551915228366852e-11,profit
21,High,NA,12.466,TRUE,1000,12.466,13,0.6412918643295386,11,12,13,13,2,flood_storm_mc,early,not_applicable,NA,baseline,0.05,0.02,0.15,106 Sole St,360000,246960,113040,1.28,40.7400397,-124.2166028,18000,200812.12271814537,313852.1227181454,313852.1227181454,FALSE,360000,12.818854800515178,46147.87728185463,200812.12271814537,113040,0,break_even
22,High,NA,14.162,TRUE,1000,14.162,14,0.6634728300361638,13,14,15,15,2,flood_storm_mc,early,not_applicable,NA,baseline,0.05,0.02,0.15,98 Sole St,283217,194286.862,88930.138,1.15,40.7400329,-124.2164031,14160.85,176616.5352799751,265546.6732799751,265546.6732799751,FALSE,283217,6.239147621797036,17670.326720024925,176616.5352799751,88930.138,-2.9103830456733704e-11,profit
23,High,NA,11.549,TRUE,1000,11.549,12,0.6032934302335498,10.950000000000003,11,12,12,1.0499999999999972,flood_storm_mc,early,not_applicable,NA,baseline,0.05,0.02,0.15,62 Sole St,337695,231658.77000000002,106036.23,1.3,40.7399458,-124.2163248,16884.75,176042.03214203575,282078.26214203576,282078.26214203576,FALSE,337695,16.46951771804861,55616.73785796424,176042.03214203575,106036.23,1.4551915228366852e-11,near_break_even
24,High,NA,22.34,TRUE,1000,22.34,22,0.7119739510030594,21,22,23,23,2,flood_storm_mc,early,not_applicable,NA,baseline,0.05,0.02,0.15,54 Sole St,449201,308151.886,141049.114,1.79,40.7399238,-124.2161763,22460.050000000003,409504.5039789536,550553.6179789535,449201,TRUE,449201,0,0,409504.5039789536,141049.114,-101352.61797895358,profit
25,High,NA,14.481,TRUE,1000,14.481,15,0.6419120275014724,13,14,15,15,2,flood_storm_mc,early,not_applicable,NA,baseline,0.05,0.02,0.15,44 Sole St,238574,163661.764,74912.236,1.2,40.7398551,-124.2160615,11928.7,151670.8574175967,226583.0934175967,226583.0934175967,FALSE,238574,5.026074334337894,11990.906582403288,151670.8574175967,74912.236,0,break_even
26,High,NA,24.659,TRUE,1000,24.659,25,0.7233548522283114,23,24,25,26,3,flood_storm_mc,early,not_applicable,NA,baseline,0.05,0.02,0.15,16 Sole St,450000,308700,141300,1.08,40.739712,-124.2157682,22500,443324.260175411,584624.260175411,450000,TRUE,450000,0,0,443324.260175411,141300,-134624.260175411,profit
27,High,NA,26.503,TRUE,1000,26.503,27,0.6621400376275621,25,26,27,27,2,flood_storm_mc,mid_term,not_applicable,NA,baseline,0.05,0.02,0.15,8 Sole St,350000,240100,109900,1.09,40.739687000000004,-124.215556,17500,364446.5643737235,474346.5643737235,350000,TRUE,350000,0,0,364446.5643737235,109900,-124346.56437372352,profit
28,High,NA,58.435,TRUE,1000,58.435,59,0.7295939331623498,57,58,59,59,2,flood_storm_mc,late,not_applicable,NA,baseline,0.05,0.02,0.15,6 Sole St,371665,254962.19,116702.81,0.9,40.739554,-124.215382,18583.25,649797.5207603894,766500.3307603893,371665,TRUE,371665,0,0,649797.5207603894,116702.81,-394835.3307603894,profit
29,High,NA,1,TRUE,1000,1,1,0,1,1,1,1,0,flood_storm_mc,immediate,not_applicable,NA,baseline,0.05,0.02,0.15,155 Sole St,261516,179399.976,82116.024,1.3,40.74009,-124.2174363,13075.800000000001,13075.800000000001,95191.82400000001,95191.82400000001,FALSE,261516,63.59999999999999,166324.17599999998,13075.800000000001,82116.024,0,break_even
30,High,NA,1,TRUE,1000,1,1,0,1,1,1,1,0,flood_storm_mc,immediate,not_applicable,NA,baseline,0.05,0.02,0.15,143 Sole St,310296,212863.05599999998,97432.944,1.3,40.7400347,-124.2173321,15514.800000000001,15514.800000000001,112947.744,112947.744,FALSE,310296,63.59999999999999,197348.256,15514.800000000001,97432.944,0,break_even
31,High,NA,21.523,TRUE,1000,21.523,22,0.6227831555676975,20,21,22,22,2,flood_storm_mc,early,not_applicable,NA,baseline,0.05,0.02,0.15,109 Sole St,280000,192080,87920,1.3,40.7398044,-124.2168656,14000,247773.75758965692,335693.7575896569,280000,TRUE,280000,0,0,247773.75758965692,87920,-55693.75758965692,profit
32,High,NA,41.375,TRUE,1000,41.375,42,0.7765165664543018,40,41,42,42,2,flood_storm_mc,mid_term,not_applicable,NA,baseline,0.05,0.02,0.15,7 Sole St,357172,245019.992,112152.008,1.31,40.7392837,-124.2156342,17858.600000000002,509381.10302211245,621533.1110221124,357172,TRUE,357172,0,0,509381.10302211245,112152.008,-264361.1110221124,profit
33,High,NA,1,TRUE,1000,1,1,0,1,1,1,1,0,flood_storm_mc,immediate,not_applicable,NA,baseline,0.05,0.02,0.15,165 Sole St,280006,192084.11599999998,87921.884,1.3,40.7401379,-124.2175767,14000.300000000001,14000.300000000001,101922.18400000001,101922.18400000001,FALSE,280006,63.59999999999999,178083.816,14000.300000000001,87921.884,0,break_even
34,High,NA,27.978,TRUE,1000,27.978,28,0.6913710971641742,27,28,28,29,2,flood_storm_mc,mid_term,not_applicable,NA,baseline,0.05,0.02,0.15,1515 Buhne Dr,297514,204094.604,93419.396,1.3,40.7402749,-124.2178933,14875.7,322715.41804073873,416134.81404073874,297514,TRUE,297514,0,0,322715.41804073873,93419.396,-118620.81404073873,profit
35,High,NA,34.376,TRUE,1000,34.376,34,0.7107243693086154,33,34,35,35,2,flood_storm_mc,mid_term,not_applicable,NA,baseline,0.05,0.02,0.15,1591 Buhne Dr,363724,249514.664,114209.336,1.3,40.7399367,-124.2183341,18186.2,457956.157991512,572165.493991512,363724,TRUE,363724,0,0,457956.157991512,114209.336,-208441.493991512,profit
36,High,NA,1,TRUE,1000,1,1,0,1,1,1,1,0,flood_storm_mc,immediate,not_applicable,NA,baseline,0.05,0.02,0.15,130 Cod St,320994,220201.88400000002,100792.116,1.3,40.7397376,-124.217678,16049.7,16049.7,116841.81599999999,116841.81599999999,FALSE,320994,63.6,204152.184,16049.7,100792.116,0,break_even
37,High,NA,2.977,TRUE,1000,2.977,3,0.617131956595874,2,3,3,4,2,flood_storm_mc,immediate,not_applicable,NA,baseline,0.05,0.02,0.15,126 Cod St,365000,250390,114610,1.3,40.7396932,-124.2176589,18250,53283.927046168516,167893.9270461685,167893.9270461685,FALSE,365000,54.00166382296754,197106.0729538315,53283.927046168516,114610,0,break_even
38,High,NA,27.392,TRUE,1000,27.392,28,0.7020176841282767,26,27,28,28,2,flood_storm_mc,mid_term,not_applicable,NA,baseline,0.05,0.02,0.15,16 Cod St,355668,243988.248,111679.75200000001,1.19,40.7390951,-124.2164154,17783.4,379712.5295870836,491392.2815870836,355668,TRUE,355668,0,0,379712.5295870836,111679.75200000001,-135724.28158708362,profit
39,High,NA,1,TRUE,1000,1,1,0,1,1,1,1,0,flood_storm_mc,immediate,not_applicable,NA,baseline,0.05,0.02,0.15,1671 Buhne Dr,309032,211995.952,97036.048,1.3,40.7395467,-124.2188765,15451.6,15451.6,112487.648,112487.648,FALSE,309032,63.6,196544.352,15451.6,97036.048,0,break_even
40,High,NA,1,TRUE,1000,1,1,0,1,1,1,1,0,flood_storm_mc,immediate,not_applicable,NA,baseline,0.05,0.02,0.15,1621 Buhne Dr,287000,196882,90118,1.3,40.7397369,-124.2186024,14350,14349.999999999998,104468,104468,FALSE,287000,63.6,182532,14349.999999999998,90118,0,break_even
41,High,NA,1,TRUE,1000,1,1,0,1,1,1,1,0,flood_storm_mc,immediate,not_applicable,NA,baseline,0.05,0.02,0.15,135 Cod St,255575,175324.45,80250.55,1.3,40.7395126,-124.2181152,12778.75,12778.75,93029.3,93029.3,FALSE,255575,63.6,162545.7,12778.75,80250.55,0,break_even
42,High,NA,2.118,TRUE,1000,2.118,2,0.6453622955305744,1,2,3,3,2,flood_storm_mc,immediate,not_applicable,NA,baseline,0.05,0.02,0.15,99 Cod St,298661,204881.446,93779.554,1.3,40.7392384,-124.2175387,14933.050000000001,31281.79855355416,125061.35255355417,125061.35255355417,FALSE,298661,58.12598479428041,173599.64744644583,31281.79855355416,93779.554,0,break_even
43,High,NA,10.406,TRUE,1000,10.406,10,0.6352696809761722,9,10,11,11,2,flood_storm_mc,early,not_applicable,NA,baseline,0.05,0.02,0.15,15 Cod St,438750,300982.5,137767.5,1.3,40.7387943,-124.2165956,21937.5,208346.10125618344,346113.60125618347,346113.60125618347,FALSE,438750,21.113709115399782,92636.398743816535,208346.10125618344,137767.5,2.9103830456733704e-11,near_break_even
44,High,NA,1,TRUE,1000,1,1,0,1,1,1,1,0,flood_storm_mc,immediate,not_applicable,NA,baseline,0.05,0.02,0.15,26 Crab St,341571,234317.706,107253.294,0.25,40.7385636,-124.2171148,17078.55,17078.55,124331.844,124331.844,FALSE,341571,63.6,217239.15600000002,17078.55,107253.294,0,break_even
45,High,NA,1,TRUE,1000,1,1,0,1,1,1,1,0,flood_storm_mc,immediate,not_applicable,NA,baseline,0.05,0.02,0.15,52 Crab St,365282,250583.452,114698.548,-0.47,40.7386619,-124.2173508,18264.100000000002,18264.100000000002,132962.648,132962.648,FALSE,365282,63.6,232319.352,18264.100000000002,114698.548,-1.4551915228366852e-11,profit
46,High,NA,1,TRUE,1000,1,1,0,1,1,1,1,0,flood_storm_mc,immediate,not_applicable,NA,baseline,0.05,0.02,0.15,120 Crab St,299452,205424.072,94027.928,0.01,40.7390501,-124.2182181,14972.6,14972.6,109000.528,109000.528,FALSE,299452,63.59999999999999,190451.472,14972.6,94027.928,0,break_even
47,High,NA,11.555,TRUE,1000,11.555,12,0.5944142733215012,11,11,12,12,1,flood_storm_mc,early,not_applicable,NA,baseline,0.05,0.02,0.15,138 Crab St,439856,301741.216,138114.784,1.16,40.7391341,-124.2183467,21992.800000000003,229405.07116328663,367519.8551632867,367519.8551632867,FALSE,439856,16.445415053270462,72336.14483671333,229405.07116328663,138114.784,2.9103830456733704e-11,near_break_even
48,High,NA,1,TRUE,1000,1,1,0,1,1,1,1,0,flood_storm_mc,immediate,not_applicable,NA,baseline,0.05,0.02,0.15,163 Crab St,391076,268278.136,122797.864,1.3,40.7390154,-124.2189426,19553.8,19553.8,142351.664,142351.664,FALSE,391076,63.6,248724.336,19553.8,122797.864,-1.4551915228366852e-11,profit
49,High,NA,1,TRUE,1000,1,1,0,1,1,1,1,0,flood_storm_mc,immediate,not_applicable,NA,baseline,0.05,0.02,0.15,135 Crab St,344738,236490.26799999998,108247.732,1.3,40.7388757,-124.2186589,17236.9,17236.9,125484.63200000001,125484.63200000001,FALSE,344738,63.59999999999999,219253.368,17236.9,108247.732,1.4551915228366852e-11,near_break_even
50,High,NA,7.454,TRUE,1000,7.454,8,0.6295079668123988,6,7,8,8,2,flood_storm_mc,immediate,not_applicable,NA,baseline,0.05,0.02,0.15,123 Crab St,326438,223936.468,102501.532,1.3,40.7387997,-124.2184263,16321.900000000001,114233.7549545135,216735.28695451352,216735.28695451352,FALSE,326438,33.60598736834758,109702.71304548648,114233.7549545135,102501.532,1.4551915228366852e-11,near_break_even
51,High,NA,1,TRUE,1000,1,1,0,1,1,1,1,0,flood_storm_mc,immediate,not_applicable,NA,baseline,0.05,0.02,0.15,105 Crab St,243924,167331.864,76592.136,1.3,40.7387073,-124.2181151,12196.2,12196.2,88788.336,88788.336,FALSE,243924,63.6,155135.664,12196.2,76592.136,0,break_even
52,High,NA,1,TRUE,1000,1,1,0,1,1,1,1,0,flood_storm_mc,immediate,not_applicable,NA,baseline,0.05,0.02,0.15,83 Crab St,277883,190627.738,87255.262,1.3,40.7386596,-124.2179455,13894.150000000001,13894.150000000003,101149.41200000001,101149.41200000001,FALSE,277883,63.59999999999999,176733.588,13894.150000000003,87255.262,0,break_even
53,High,NA,10.571,TRUE,1000,10.571,11,0.5703369918603249,10,10,11,11,1,flood_storm_mc,early,not_applicable,NA,baseline,0.05,0.02,0.15,85 (69) Crab St,371255,254680.93,116574.07,1.3,40.7385792,-124.2179989,18562.75,178808.36840659226,295382.43840659223,295382.43840659223,FALSE,371255,20.436778385047415,75872.56159340777,178808.36840659226,116574.07,-2.9103830456733704e-11,profit
54,High,NA,14.725,TRUE,1000,14.725,15,0.630692296427325,14,14,15,16,2,flood_storm_mc,early,not_applicable,NA,baseline,0.05,0.02,0.15,57 Crab St,380725,261177.35,119547.65,1.3,40.7384375,-124.2176553,19036.25,245554.81377097595,365102.46377097594,365102.46377097594,FALSE,380725,4.103364956076971,15622.53622902406,245554.81377097595,119547.65,0,break_even
55,High,NA,4.426,TRUE,1000,4.426,5,0.6347652534023321,3,4,5,5,2,flood_storm_mc,immediate,not_applicable,NA,baseline,0.05,0.02,0.15,31 Crab St,333532,228802.952,104729.048,1.3,40.7383085,-124.2173666,16676.600000000002,71370.4986323708,176099.5466323708,176099.5466323708,FALSE,333532,47.20160385439155,157432.4533676292,71370.4986323708,104729.048,0,break_even
56,High,NA,1,TRUE,1000,1,1,0,1,1,1,1,0,flood_storm_mc,immediate,not_applicable,NA,baseline,0.05,0.02,0.15,25 Crab St,277312,190236.032,87075.968,1.3,40.7383127,-124.2172382,13865.6,13865.6,100941.568,100941.568,FALSE,277312,63.6,176370.432,13865.6,87075.968,0,break_even
57,High,NA,5.625,TRUE,1000,5.625,6,0.5802686547726938,5,5,6,6,1,flood_storm_mc,immediate,not_applicable,NA,baseline,0.05,0.02,0.15,1723 Buhne Dr,316822,217339.892,99482.10800000001,1.3,40.739155,-124.2192062,15841.1,85160.33680145696,184642.44480145696,184642.44480145696,FALSE,316822,41.72044719070741,132179.55519854304,85160.33680145696,99482.10800000001,0,break_even
58,High,NA,1,TRUE,1000,1,1,0,1,1,1,1,0,flood_storm_mc,immediate,not_applicable,NA,baseline,0.05,0.02,0.15,130 Perch St,305500,209573,95927,1.24,40.7384699,-124.2187065,15275,15275,111202,111202,FALSE,305500,63.6,194298,15275,95927,0,break_even
59,High,NA,1,TRUE,1000,1,1,0,1,1,1,1,0,flood_storm_mc,immediate,not_applicable,NA,baseline,0.05,0.02,0.15,98 Perch St,360648,247404.528,113243.472,0.22,40.738338,-124.2183033,18032.4,18032.4,131275.872,131275.872,FALSE,360648,63.6,229372.128,18032.4,113243.472,1.4551915228366852e-11,near_break_even
60,High,NA,1,TRUE,1000,1,1,0,1,1,1,1,0,flood_storm_mc,immediate,not_applicable,NA,baseline,0.05,0.02,0.15,32 Perch St,312581,214430.566,98150.434,0.22,40.7379142,-124.2174716,15629.050000000001,15629.050000000001,113779.484,113779.484,FALSE,312581,63.6,198801.516,15629.050000000001,98150.434,0,break_even
61,High,NA,2.732,TRUE,1000,2.732,3,0.6500758406513801,2,2,3,4,2,flood_storm_mc,immediate,not_applicable,NA,baseline,0.05,0.02,0.15,10 Perch St,201455,138198.13,63256.87,1.23,40.737652,-124.2172012,10072.75,27053.712344458458,90310.58234445847,90310.58234445847,FALSE,201455,55.1708409597883,111144.41765554153,27053.712344458458,63256.87,7.275957614183426e-12,near_break_even
62,High,NA,1,TRUE,1000,1,1,0,1,1,1,1,0,flood_storm_mc,immediate,not_applicable,NA,baseline,0.05,0.02,0.15,25 Halibut Ave,292645,200754.47,91890.53,1.3,40.7367277,-124.2193352,14632.25,14632.25,106522.78,106522.78,FALSE,292645,63.6,186122.22,14632.25,91890.53,0,break_even
