parcel_id,slr_m,depth_m
1,0,0
1,0.25,0
1,0.5,0
1,1,0
1,1.5,0.36210742592811584
1,1.75,0.4680356979370117
1,2,0.808413565158844
2,0,0
2,0.25,0
2,0.5,0
2,1,0
2,1.5,0
2,1.75,0
2,2,0
3,0,0
3,0.25,0
3,0.5,0
3,1,0
3,1.5,0.12208124995231628
3,1.75,0.34207963943481445
3,2,0.26208093762397766
4,0,0
4,0.25,0
4,0.5,0
4,1,0
4,1.5,0.7607108354568481
4,1.75,0.7607980966567993
4,2,0.8395564556121826
5,0,0
5,0.25,1.7885380983352661
5,0.5,2.129547595977783
5,1,2.2989158630371094
5,1.5,2.8415451049804688
5,1.75,3.092527151107788
5,2,3.4423153400421143
6,0,0
6,0.25,0
6,0.5,0
6,1,0.16906511783599854
6,1.5,0.45884063839912415
6,1.75,0.7989130020141602
6,2,1.046922206878662
7,0,0
7,0.25,0
7,0.5,0
7,1,0.3377794623374939
7,1.5,1.4323439598083496
7,1.75,1.5772125720977783
7,2,2.507780075073242
8,0,0
8,0.25,0.33782586455345154
8,0.5,0.4178442358970642
8,1,0.8178850412368774
8,1.5,1.4403482675552368
8,1.75,1.8077969551086426
8,2,1.9603586196899414
9,0,0
9,0.25,0
9,0.5,0
9,1,0
9,1.5,0
9,1.75,0
9,2,1.2639003992080688
10,0,0
10,0.25,0
10,0.5,0
10,1,0
10,1.5,0
10,1.75,0
10,2,0
11,0,0
11,0.25,0
11,0.5,0.06962542235851288
11,1,0.33428990840911865
11,1.5,0.9519438147544861
11,1.75,1.1718895435333252
11,2,2.504436731338501
12,0,0
12,0.25,0
12,0.5,0
12,1,0
12,1.5,0
12,1.75,0
12,2,0
13,0,0
13,0.25,0.8872002363204956
13,0.5,0.9271993041038513
13,1,1.3656225204467773
13,1.5,1.9372048377990723
13,1.75,2.434767246246338
13,2,2.556342124938965
14,0,0
14,0.25,0
14,0.5,0
14,1,0
14,1.5,0
14,1.75,0
14,2,0
15,0,0
15,0.25,0
15,0.5,0
15,1,0.3617941439151764
15,1.5,0.74164217710495
15,1.75,1.639384388923645
15,2,1.7393543720245361
16,0,0
16,0.25,0.6142866015434265
16,0.5,0.7424209117889404
16,1,1.8703532218933105
16,1.5,2.150020122528076
16,1.75,2.372065305709839
16,2,2.281965970993042
17,0,0
17,0.25,0
17,0.5,0
17,1,0.2991245985031128
17,1.5,1.0291812419891357
17,1.75,1.2814483642578125
17,2,1.634095549583435
18,0,0
18,0.25,0
18,0.5,0
18,1,0
18,1.5,0.537919282913208
18,1.75,0.6579285860061646
18,2,0.7714326977729797
19,0,0
19,0.25,0
19,0.5,0
19,1,0
19,1.5,0
19,1.75,0
19,2,0
20,0,0
20,0.25,0.3543560802936554
20,0.5,0.4462701976299286
20,1,0.7704687118530273
20,1.5,1.596522331237793
20,1.75,1.7865349054336548
20,2,2.94043231010437
21,0,0
21,0.25,0
21,0.5,0
21,1,0
21,1.5,0.8692172169685364
21,1.75,1.2392172813415527
21,2,1.5792173147201538
22,0,0
22,0.25,0
22,0.5,0
22,1,0
22,1.5,0
22,1.75,0
22,2,0
23,0,0
23,0.25,0
23,0.5,0
23,1,0.9490264654159546
23,1.5,1.3682210445404053
23,1.75,2.193763256072998
23,2,2.230787992477417
24,0,0
24,0.25,0.8485439419746399
24,0.5,1.133485198020935
24,1,1.3529853820800781
24,1.5,1.917365550994873
24,1.75,2.192880630493164
24,2,2.4980318546295166
25,0,0
25,0.25,0.631123423576355
25,0.5,0.5718092918395996
25,1,1.2000025510787964
25,1.5,1.6812089681625366
25,1.75,2.8212006092071533
25,2,3.0112290382385254
26,0,0
26,0.25,0
26,0.5,0
26,1,0
26,1.5,0.3115529716014862
26,1.75,0.9414057731628418
26,2,1.1828559637069702
27,0,0
27,0.25,0
27,0.5,0
27,1,0.18108482658863068
27,1.5,0.40049901604652405
27,1.75,0.5205167531967163
27,2,1.1549664735794067
28,0,0
28,0.25,0
28,0.5,0
28,1,0.5629549026489258
28,1.5,1.9988263845443726
28,1.75,2.066648483276367
28,2,2.1640424728393555
29,0,0
29,0.25,0.019999999552965164
29,0.5,0.019999999552965164
29,1,0.4796493649482727
29,1.5,1.8493916988372803
29,1.75,1.9527488946914673
29,2,2.6496493816375732
30,0,0
30,0.25,0
30,0.5,0
30,1,1.2736974954605103
30,1.5,1.6363165378570557
30,1.75,2.153484582901001
30,2,2.045635223388672
31,0,0
31,0.25,0
31,0.5,0
31,1,0
31,1.5,0
31,1.75,0
31,2,0
32,0,0
32,0.25,0
32,0.5,0
32,1,0
32,1.5,0
32,1.75,0
32,2,0
33,0,0
33,0.25,0
33,0.5,0
33,1,0
33,1.5,0
33,1.75,0
33,2,0
34,0,0
34,0.25,0
34,0.5,0
34,1,1.3522591590881348
34,1.5,1.5230132341384888
34,1.75,1.6231422424316406
34,2,2.1129837036132812
35,0,0
35,0.25,0
35,0.5,0
35,1,0.14547090232372284
35,1.5,0.5334563851356506
35,1.75,1.1854604482650757
35,2,1.1354697942733765
36,0,0
36,0.25,0
36,0.5,0
36,1,0
36,1.5,0
36,1.75,0
36,2,0
37,0,0
37,0.25,0
37,0.5,0
37,1,0
37,1.5,0
37,1.75,0
37,2,0
38,0,0
38,0.25,0
38,0.5,0
38,1,0
38,1.5,0.11762692779302597
38,1.75,0.7802398204803467
38,2,1.017649531364441
39,0,0.8199999928474426
39,0.25,1.090000033378601
39,0.5,1.340000033378601
39,1,1.8300000429153442
39,1.5,2.1542623043060303
39,1.75,2.4903268814086914
39,2,2.7804818153381348
40,0,0.13539129495620728
40,0.25,0.676224410533905
40,0.5,0.6461348533630371
40,1,1.1057796478271484
40,1.5,1.3004355430603027
40,1.75,2.5725724697113037
40,2,2.6527953147888184
41,0,0
41,0.25,0
41,0.5,0
41,1,0
41,1.5,0
41,1.75,0
41,2,0
42,0,0
42,0.25,1.758996844291687
42,0.5,2.1790010929107666
42,1,2.49013352394104
42,1.5,3.462287425994873
42,1.75,3.785383701324463
42,2,3.9801089763641357
43,0,0
43,0.25,0.8868282437324524
43,0.5,0.8367657661437988
43,1,1.3048076629638672
43,1.5,1.4028599262237549
43,1.75,2.8852367401123047
43,2,2.955399990081787
44,0,0
44,0.25,0.3072440028190613
44,0.5,0.4557107388973236
44,1,0.6872321963310242
44,1.5,1.1892117261886597
44,1.75,1.4292060136795044
44,2,2.8572535514831543
45,0,0
45,0.25,0.6416394710540771
45,0.5,0.655059814453125
45,1,1.161419153213501
45,1.5,1.7662488222122192
45,1.75,1.9288419485092163
45,2,2.0587916374206543
46,0,0.5879955887794495
46,0.25,1.254220962524414
46,0.5,1.572898030281067
46,1,1.7593176364898682
46,1.5,2.3142104148864746
46,1.75,2.5754520893096924
46,2,2.9092984199523926
47,0,0
47,0.25,0.6612217426300049
47,0.5,0.774763286113739
47,1,1.0712368488311768
47,1.5,1.802937626838684
47,1.75,2.0064897537231445
47,2,3.2412095069885254
48,0,0
48,0.25,0.10018326342105865
48,0.5,0.13728177547454834
48,1,0.5601826906204224
48,1.5,1.7688630819320679
48,1.75,1.8959612846374512
48,2,2.7301838397979736
49,0,0
49,0.25,0.17882463335990906
49,0.5,0.19882777333259583
49,1,0.643284022808075
49,1.5,1.9121371507644653
49,1.75,2.03252911567688
49,2,2.8132529258728027
50,0,0
50,0.25,0
50,0.5,0
50,1,0.4847649037837982
50,1.5,1.8023568391799927
50,1.75,1.9160959720611572
50,2,2.6547632217407227
51,0,0
51,0.25,0
51,0.5,0
51,1,0.18722426891326904
51,1.5,1.0385923385620117
51,1.75,1.2234286069869995
51,2,2.357269525527954
52,0,0
52,0.25,0
52,0.5,0.09980912506580353
52,1,0.42630594968795776
52,1.5,1.2426764965057373
52,1.75,1.433905839920044
52,2,2.3833870887756348
53,0,0
53,0.25,0
53,0.5,0
53,1,0
53,1.5,0.38108453154563904
53,1.75,0.6987851858139038
53,2,0.9808363318443298
54,0,0
54,0.25,0
54,0.5,0
54,1,0.5072007179260254
54,1.5,2.149123430252075
54,1.75,2.2090682983398438
54,2,2.677196979522705
55,0,0
55,0.25,0.029999999329447746
55,0.5,0
55,1,0.5518293976783752
55,1.5,2.3945672512054443
55,1.75,2.4269251823425293
55,2,2.721822500228882
56,0,0
56,0.25,0
56,0.5,0
56,1,0.5529837012290955
56,1.5,2.6442089080810547
56,1.75,2.6342740058898926
56,2,2.722811460494995
57,0,0
57,0.25,0.059170860797166824
57,0.5,0
57,1,0.591452419757843
57,1.5,2.4406471252441406
57,1.75,2.4607040882110596
57,2,2.540658473968506
58,0,0
58,0.25,0.19355210661888123
58,0.5,0.12775346636772156
58,1,0.7425746917724609
58,1.5,2.381842851638794
58,1.75,2.4302682876586914
58,2,2.5151288509368896
59,0,0
59,0.25,0.550082266330719
59,0.5,0.5000768303871155
59,1,1.0900555849075317
59,1.5,2.4806272983551025
59,1.75,2.5589473247528076
59,2,2.6506576538085938
60,0,0
60,0.25,0.6952105164527893
60,0.5,0.6652107238769531
60,1,1.2330832481384277
60,1.5,2.384479522705078
60,1.75,2.486610174179077
60,2,2.5909533500671387
61,0,0
61,0.25,1.1181236505508423
61,0.5,1.1581236124038696
61,1,1.638123631477356
61,1.5,2.0618762969970703
61,1.75,2.2512481212615967
61,2,2.3818764686584473
62,0,0
62,0.25,1.2102001905441284
62,0.5,1.2614526748657227
62,1,1.7497998476028442
62,1.5,1.9900000095367432
62,1.75,2.200000047683716
62,2,2.3299999237060547
63,0,0
63,0.25,1.143662929534912
63,0.5,1.2077059745788574
63,1,1.788539171218872
63,1.5,2.0385048389434814
63,1.75,2.2485158443450928
63,2,2.3480026721954346
64,0,0
64,0.25,1.0091941356658936
64,0.5,1.08919358253479
64,1,1.7899999618530273
64,1.5,2.041677713394165
64,1.75,2.259999990463257
64,2,2.3116772174835205
65,0,0
65,0.25,0.4254055917263031
65,0.5,0.5754047632217407
65,1,1.915605902671814
65,1.5,2.205817937850952
65,1.75,2.4356112480163574
65,2,2.2756130695343018
66,0,0
66,0.25,0.2969970405101776
66,0.5,0.467002272605896
66,1,1.9394479990005493
66,1.5,2.242194890975952
66,1.75,2.470186471939087
66,2,2.260246753692627
67,0,0
67,0.25,0.2588637173175812
67,0.5,0.40886130928993225
67,1,1.8639737367630005
67,1.5,2.1939969062805176
67,1.75,2.528867483139038
67,2,2.3388733863830566
68,0,0
68,0.25,0.18207143247127533
68,0.5,0.2848342955112457
68,1,1.554880142211914
68,1.5,1.9147688150405884
68,1.75,2.440227746963501
68,2,2.332024574279785
69,0,0
69,0.25,0.1251136064529419
69,0.5,0.18885503709316254
69,1,1.3352618217468262
69,1.5,1.7189635038375854
69,1.75,2.368870973587036
69,2,2.3251469135284424
70,0,0
70,0.25,0.2590219974517822
70,0.5,0.30901676416397095
70,1,1.3887420892715454
70,1.5,1.7887928485870361
70,1.75,2.499030351638794
70,2,2.4807188510894775
71,0,0
71,0.25,0.12132375687360764
71,0.5,0.1027008667588234
71,1,0.9467904567718506
71,1.5,1.3880749940872192
71,1.75,2.342676877975464
71,2,2.4388427734375
72,0,0
72,0.25,0.09217582643032074
72,0.5,0.08301214128732681
72,1,0.8025922179222107
72,1.5,1.2624824047088623
72,1.75,2.312154531478882
72,2,2.448453903198242
73,0,0
73,0.25,0.14162825047969818
73,0.5,0.1164960190653801
73,1,0.7552684545516968
73,1.5,1.2325981855392456
73,1.75,2.3525710105895996
73,2,2.5274014472961426
74,0,0
74,0.25,0.0719863772392273
74,0.5,0.044738996773958206
74,1,0.6535581946372986
74,1.5,1.1336556673049927
74,1.75,2.242009401321411
74,2,2.434373140335083
75,0,0
75,0.25,0.12490930408239365
75,0.5,0.1403241604566574
75,1,0.7349236011505127
75,1.5,1.2180501222610474
75,1.75,2.2380623817443848
75,2,2.4380526542663574
76,0,0
76,0.25,0.2583312392234802
76,0.5,0.32874196767807007
76,1,0.8988117575645447
76,1.5,1.3793264627456665
76,1.75,2.3150064945220947
76,2,2.525022268295288
77,0,0
77,0.25,0.05933031812310219
77,0.5,0.15504641830921173
77,1,0.7166059017181396
77,1.5,1.1992206573486328
77,1.75,2.0912811756134033
77,2,2.306380033493042
78,0,0
78,0.25,0
78,0.5,0
78,1,0.43430063128471375
78,1.5,0.9226253032684326
78,1.75,1.7200911045074463
78,2,1.9482182264328003
79,0,0
79,0.25,0
79,0.5,0
79,1,0.319939523935318
79,1.5,0.8098405599594116
79,1.75,1.5698726177215576
79,2,1.799846887588501
80,0,0
80,0.25,0
80,0.5,0
80,1,0.03999999910593033
80,1.5,0.525790274143219
80,1.75,1.2011371850967407
80,2,1.4406296014785767
81,0,0
81,0.25,0
81,0.5,0
81,1,0
81,1.5,0.3814116418361664
81,1.75,0.9837226867675781
81,2,1.2414249181747437
82,0,0
82,0.25,0
82,0.5,0
82,1,0
82,1.5,0.5093593597412109
82,1.75,1.085198998451233
82,2,1.3493610620498657
83,0,0
83,0.25,0
83,0.5,0
83,1,0
83,1.5,0.5537091493606567
83,1.75,1.0977051258087158
83,2,1.3777347803115845
84,0,0
84,0.25,0
84,0.5,0
84,1,0
84,1.5,0.6333674788475037
84,1.75,1.1463946104049683
84,2,1.4362298250198364
85,0,0
85,0.25,0
85,0.5,0
85,1,0
85,1.5,0.6458925008773804
85,1.75,1.134068250656128
85,2,1.4418350458145142
86,0,0
86,0.25,0
86,0.5,0
86,1,0
86,1.5,0.5827041268348694
86,1.75,1.032672643661499
86,2,1.3526978492736816
87,0,0
87,0.25,0
87,0.5,0
87,1,0.05088801309466362
87,1.5,0.8418907523155212
87,1.75,1.241926908493042
87,2,1.5818979740142822
88,0,0
88,0.25,0
88,0.5,0
88,1,0.24567516148090363
88,1.5,1.0856746435165405
88,1.75,1.4524132013320923
88,2,1.802412986755371
89,0,0
89,0.25,0
89,0.5,0
89,1,0.33005988597869873
89,1.5,1.222997784614563
89,1.75,1.5430296659469604
89,2,1.91303288936615
90,0,0
90,0.25,0
90,0.5,0
90,1,0.48540425300598145
90,1.5,1.4053503274917603
90,1.75,1.707411289215088
90,2,2.0853536128997803
91,0,0
91,0.25,0
91,0.5,0
91,1,0.2603265941143036
91,1.5,1.1803405284881592
91,1.75,1.4903360605239868
91,2,1.860339641571045
92,0,0
92,0.25,0
92,0.5,0
92,1,0
92,1.5,0.8854234218597412
92,1.75,1.205368161201477
92,2,1.5735026597976685
93,0,0
93,0.25,0
93,0.5,0
93,1,0.17574070394039154
93,1.5,1.0855737924575806
93,1.75,1.4156274795532227
93,2,1.7755844593048096
94,0,0
94,0.25,0
94,0.5,0
94,1,0.12128394842147827
94,1.5,1.0215561389923096
94,1.75,1.3612852096557617
94,2,1.7212855815887451
95,0,0
95,0.25,0
95,0.5,0
95,1,0.11694613844156265
95,1.5,1.0134522914886475
95,1.75,1.3669179677963257
95,2,1.716907262802124
96,0,0
96,0.25,0
96,0.5,0
96,1,0.03324660286307335
96,1.5,0.9170672297477722
96,1.75,1.29777991771698
96,2,1.633245587348938
97,0,0
97,0.25,0
97,0.5,0
97,1,0.1132747232913971
97,1.5,0.993297278881073
97,1.75,1.3892872333526611
97,2,1.713295817375183
98,0,0
98,0.25,0
98,0.5,0
98,1,0
98,1.5,0.4784785509109497
98,1.75,0.8739515542984009
98,2,1.198538899421692
99,0,0
99,0.25,0
99,0.5,0
99,1,0
99,1.5,0.8258154392242432
99,1.75,1.2285268306732178
99,2,1.5514105558395386
100,0,0
100,0.25,0
100,0.5,0
100,1,0
100,1.5,0.693753719329834
100,1.75,1.1037487983703613
100,2,1.4237526655197144
101,0,0
101,0.25,0
101,0.5,0
101,1,0
101,1.5,0.6622641086578369
101,1.75,1.0943846702575684
101,2,1.40226411819458
102,0,0
102,0.25,0
102,0.5,0
102,1,0
102,1.5,0.8004750609397888
102,1.75,1.2403862476348877
102,2,1.5404573678970337
103,0,0
103,0.25,0
103,0.5,0
103,1,0
103,1.5,0.5342840552330017
103,1.75,0.9843606948852539
103,2,1.2842992544174194
104,0,0
104,0.25,0
104,0.5,0
104,1,0
104,1.5,0.5006842017173767
104,1.75,0.9606817364692688
104,2,1.2506836652755737
105,0,0
105,0.25,0
105,0.5,0
105,1,0.035797931253910065
105,1.5,0.8668363690376282
105,1.75,1.3032147884368896
105,2,1.5968602895736694
106,0,0
106,0.25,0
106,0.5,0
106,1,0.03769526258111
106,1.5,0.865412712097168
106,1.75,1.2785539627075195
106,2,1.583465576171875
107,0,0
107,0.25,0
107,0.5,0
107,1,0
107,1.5,0.7442936897277832
107,1.75,1.143539547920227
107,2,1.4535354375839233
108,0,0
108,0.25,0
108,0.5,0
108,1,0.1783090978860855
108,1.5,0.979396402835846
108,1.75,1.3494166135787964
108,2,1.6611135005950928
109,0,0
109,0.25,0
109,0.5,0
109,1,0
109,1.5,0.6943201422691345
109,1.75,1.0444049835205078
109,2,1.372387170791626
110,0,0
110,0.25,0
110,0.5,0
110,1,0
110,1.5,0.8016436100006104
110,1.75,1.1316508054733276
110,2,1.4616450071334839
111,0,0
111,0.25,0
111,0.5,0
111,1,0
111,1.5,0.6343975067138672
111,1.75,0.9419270157814026
111,2,1.2750452756881714
112,0,0
112,0.25,0
112,0.5,0
112,1,0
112,1.5,0.6255727410316467
112,1.75,0.9156485199928284
112,2,1.2582974433898926
113,0,0
113,0.25,0
113,0.5,0
113,1,0.1741960495710373
113,1.5,0.8943391442298889
113,1.75,1.1242930889129639
113,2,1.4804272651672363
114,0,0
114,0.25,0.10999999940395355
114,0.5,0.09681745618581772
114,1,0.23566202819347382
114,1.5,0.5234541296958923
114,1.75,0.856322705745697
114,2,1.136574149131775
115,0,0
115,0.25,0.13236203789710999
115,0.5,0.37700173258781433
115,1,0.4133584797382355
115,1.5,2.04012393951416
115,1.75,1.33234703540802
115,2,1.759183406829834
116,0,0
116,0.25,0
116,0.5,0.20888562500476837
116,1,0
116,1.5,0.44520261883735657
116,1.75,0.778978705406189
116,2,1.0651028156280518
117,0,0
117,0.25,0.18825048208236694
117,0.5,0.6390131115913391
117,1,0.4298805296421051
117,1.5,0.8999488353729248
117,1.75,1.2303476333618164
117,2,1.520359992980957
118,0,0
118,0.25,0
118,0.5,0.26905402541160583
118,1,0.15042322874069214
118,1.5,0.6164592504501343
118,1.75,0.950248658657074
118,2,1.2393323183059692
119,0,0
119,0.25,0
119,0.5,0.4472658336162567
119,1,0.6166728138923645
119,1.5,1.1734604835510254
119,1.75,1.3030821084976196
119,2,1.6039260625839233
120,0,0
120,0.25,0
120,0.5,0
120,1,0.784764289855957
120,1.5,1.2648769617080688
120,1.75,1.6048405170440674
120,2,1.874430775642395
121,0,0
121,0.25,0
121,0.5,0.12453972548246384
121,1,0.2880277633666992
121,1.5,0.7769719958305359
121,1.75,1.1169921159744263
121,2,1.366976022720337
122,0,0
122,0.25,0
122,0.5,0.11874963343143463
122,1,0.32276609539985657
122,1.5,0.8074907064437866
122,1.75,1.1474710702896118
122,2,1.3928101062774658
123,0,0
123,0.25,0
123,0.5,0.17344684898853302
123,1,0.49644750356674194
123,1.5,0.9858688116073608
123,1.75,1.3257944583892822
123,2,1.575853943824768
124,0,0
124,0.25,0
124,0.5,0
124,1,0
124,1.5,0.3845667839050293
124,1.75,0.7184159159660339
124,2,0.9945552349090576
125,0,0
125,0.25,0
125,0.5,0
125,1,0.35550302267074585
125,1.5,0.8374477624893188
125,1.75,1.1756168603897095
125,2,1.4656602144241333
126,0,0
126,0.25,0
126,0.5,0
126,1,0
126,1.5,0.20550620555877686
126,1.75,0.5454773902893066
126,2,0.8355004787445068
127,0,0
127,0.25,0
127,0.5,0
127,1,0.16988515853881836
127,1.5,0.9200605750083923
127,1.75,1.0900379419326782
127,2,1.4199507236480713
128,0,0
128,0.25,0
128,0.5,0
128,1,0.08367994427680969
128,1.5,0.8323184847831726
128,1.75,1.0030887126922607
128,2,1.3329020738601685
129,0,0
129,0.25,0
129,0.5,0
129,1,0
129,1.5,0.457169771194458
129,1.75,0.7960045337677002
129,2,1.0891783237457275
130,0,0
130,0.25,0
130,0.5,0.055263418704271317
130,1,0.6737293601036072
130,1.5,1.1545459032058716
130,1.75,1.4888173341751099
130,2,1.783494472503662
131,0,0
131,0.25,0
131,0.5,0
131,1,0
131,1.5,0.6635419726371765
131,1.75,0.8810716867446899
131,2,1.2335312366485596
132,0,0
132,0.25,0
132,0.5,0
132,1,0.6093289256095886
132,1.5,1.3368312120437622
132,1.75,1.5564982891082764
132,2,1.9113315343856812
133,0,0
133,0.25,0
133,0.5,0
133,1,0.6507272124290466
133,1.5,1.3696088790893555
133,1.75,1.5999691486358643
133,2,1.9596806764602661
134,0,0
134,0.25,0
134,0.5,0
134,1,0.5862733721733093
134,1.5,1.3162504434585571
134,1.75,1.5638983249664307
134,2,1.9188885688781738
135,0,0
135,0.25,0
135,0.5,0
135,1,0.49334418773651123
135,1.5,1.2375901937484741
135,1.75,1.5036391019821167
135,2,1.8522461652755737
136,0,0
136,0.25,0
136,0.5,0
136,1,0.4721461534500122
136,1.5,1.2281559705734253
136,1.75,1.5222978591918945
136,2,1.8623734712600708
137,0,0
137,0.25,0
137,0.5,0
137,1,0.1603202074766159
137,1.5,0.912958562374115
137,1.75,1.2627735137939453
137,2,1.5840439796447754
138,0,0
138,0.25,0
138,0.5,0
138,1,0.31533101201057434
138,1.5,1.0775237083435059
138,1.75,1.4326002597808838
138,2,1.7568608522415161
139,0,0
139,0.25,0
139,0.5,0
139,1,0.21175150573253632
139,1.5,1.0506893396377563
139,1.75,1.4869047403335571
139,2,1.7807575464248657
140,0,0
140,0.25,0
140,0.5,0
140,1,0
140,1.5,0.4299258291721344
140,1.75,0.8890407085418701
140,2,1.1789220571517944
141,0,0
141,0.25,0
141,0.5,0
141,1,0
141,1.5,0.5874527096748352
141,1.75,1.0428930521011353
141,2,1.33291757106781
142,0,0
142,0.25,0
142,0.5,0
142,1,0
142,1.5,0.8460990190505981
142,1.75,1.2936975955963135
142,2,1.593392252922058
143,0,0
143,0.25,0
143,0.5,0
143,1,0
143,1.5,0.7096433043479919
143,1.75,1.131306529045105
143,2,1.4415477514266968
144,0,0
144,0.25,0
144,0.5,0
144,1,0.4355919659137726
144,1.5,1.307567834854126
144,1.75,1.7073428630828857
144,2,2.036245346069336
145,0,0
145,0.25,0
145,0.5,0
145,1,0
145,1.5,1.011183261871338
145,1.75,1.3917087316513062
145,2,1.7271990776062012
146,0,0
146,0.25,0
146,0.5,0
146,1,0
146,1.5,0.8204394578933716
146,1.75,1.2003401517868042
146,2,1.5343148708343506
147,0,0
147,0.25,0
147,0.5,0
147,1,0.04391353577375412
147,1.5,0.8545365333557129
147,1.75,1.2234700918197632
147,2,1.564324140548706
148,0,0
148,0.25,0
148,0.5,0
148,1,0
148,1.5,0.8785315752029419
148,1.75,1.2292232513427734
148,2,1.5785329341888428
149,0,0
149,0.25,0
149,0.5,0
149,1,0
149,1.5,0.5605858564376831
149,1.75,0.9126011729240417
149,2,1.2626597881317139
150,0,0
150,0.25,0
150,0.5,0
150,1,0
150,1.5,0.5611151456832886
150,1.75,0.9011922478675842
150,2,1.2525672912597656
151,0,0
151,0.25,0
151,0.5,0
151,1,0
151,1.5,0.49422919750213623
151,1.75,0.8327029943466187
151,2,1.192685842514038
152,0,0
152,0.25,0
152,0.5,0
152,1,0
152,1.5,0.6272797584533691
152,1.75,0.9373501539230347
152,2,1.309251070022583
153,0,0
153,0.25,0
153,0.5,0
153,1,0.07949461787939072
153,1.5,0.9965509176254272
153,1.75,1.302701473236084
153,2,1.6796282529830933
154,0,0
154,0.25,0
154,0.5,0
154,1,0
154,1.5,0.9225220084190369
154,1.75,1.232987403869629
154,2,1.6124787330627441
155,0,0
155,0.25,0
155,0.5,0
155,1,0
155,1.5,0.5907156467437744
155,1.75,0.9324455261230469
155,2,1.2923226356506348
156,0,0
156,0.25,0
156,0.5,0
156,1,0
156,1.5,0.5233302116394043
156,1.75,0.9619612097740173
156,2,1.2833685874938965
157,0,0
157,0.25,0
157,0.5,0
157,1,0.3667210638523102
157,1.5,1.0436896085739136
157,1.75,1.5368565320968628
157,2,1.8370047807693481
158,0,0
158,0.25,0
158,0.5,0
158,1,0
158,1.5,0.40356820821762085
158,1.75,0.9935530424118042
158,2,1.2535651922225952
159,0,0
159,0.25,0
159,0.5,0
159,1,0
159,1.5,0.496804803609848
159,1.75,1.2128047943115234
159,2,1.446812629699707
160,0,0
160,0.25,0
160,0.5,0
160,1,0
160,1.5,0.507271409034729
160,1.75,1.2714951038360596
160,2,1.4984564781188965
161,0,0
161,0.25,0
161,0.5,0
161,1,0
161,1.5,0.4269790053367615
161,1.75,1.2317304611206055
161,2,1.4524163007736206
162,0,0
162,0.25,0.06141633167862892
162,0.5,0.07474585622549057
162,1,0.6648291945457458
162,1.5,1.152881145477295
162,1.75,2.1524298191070557
162,2,2.362377643585205
163,0,0
163,0.25,0.21240080893039703
163,0.5,0.22752386331558228
163,1,0.8225921988487244
163,1.5,1.3056095838546753
163,1.75,2.3257367610931396
163,2,2.530559778213501
164,0,0
164,0.25,0.43586301803588867
164,0.5,0.39585357904434204
164,1,1.0157945156097412
164,1.5,1.495886206626892
164,1.75,2.605877637863159
164,2,2.797929525375366
165,0,0
165,0.25,0.5307817459106445
165,0.5,0.4707951247692108
165,1,1.150449514389038
165,1.5,1.6203203201293945
165,1.75,2.7410035133361816
165,2,2.9111263751983643
166,0,0
166,0.25,0.42371806502342224
166,0.5,0.3872012794017792
166,1,1.1477383375167847
166,1.5,1.6044468879699707
166,1.75,2.643754482269287
166,2,2.7731919288635254
167,0,0
167,0.25,0.6241675019264221
167,0.5,0.6129940152168274
167,1,1.44493567943573
167,1.5,1.8932850360870361
167,1.75,2.8531253337860107
167,2,2.9522557258605957
168,0,0
168,0.25,0.27069348096847534
168,0.5,0.309233158826828
168,1,1.3219358921051025
168,1.5,1.7307215929031372
168,1.75,2.5107028484344482
168,2,2.527991771697998
169,0,0
169,0.25,0.3536251485347748
169,0.5,0.42529529333114624
169,1,1.6077799797058105
169,1.5,1.9871166944503784
169,1.75,2.603517532348633
169,2,2.5401341915130615
170,0,0
170,0.25,0.2025471031665802
170,0.5,0.35169848799705505
170,1,1.7802412509918213
170,1.5,2.109858274459839
170,1.75,2.472485065460205
170,2,2.294673204421997
171,0,0
171,0.25,0.29608696699142456
171,0.5,0.4560261368751526
171,1,1.945604681968689
171,1.5,2.273655414581299
171,1.75,2.566876173019409
171,2,2.3572046756744385
172,0,0
172,0.25,0.1776285618543625
172,0.5,0.3575470447540283
172,1,1.8674505949020386
172,1.5,2.1774017810821533
172,1.75,2.4073922634124756
172,2,2.1826586723327637
173,0,0
173,0.25,0.20342770218849182
173,0.5,0.36343368887901306
173,1,1.7589969635009766
173,1.5,2.0589816570281982
173,1.75,2.281653881072998
173,2,2.1018893718719482
174,0,0
174,0.25,0.21659612655639648
174,0.5,0.36661162972450256
174,1,1.680795669555664
174,1.5,1.9806287288665771
174,1.75,2.2006826400756836
174,2,2.049774646759033
175,0,0
175,0.25,0.5422289371490479
175,0.5,0.6722148656845093
175,1,1.7900574207305908
175,1.5,2.0702028274536133
175,1.75,2.2929439544677734
175,2,2.2067923545837402
176,0,0
176,0.25,0.5522640943527222
176,0.5,0.6709574460983276
176,1,1.703607439994812
176,1.5,1.9782384634017944
176,1.75,2.1980795860290527
176,2,2.144101858139038
177,0,0
177,0.25,0.8581674695014954
177,0.5,0.9483717679977417
177,1,1.7828295230865479
177,1.5,2.0483601093292236
177,1.75,2.2628092765808105
177,2,2.2783613204956055
178,0,0
178,0.25,0.9922026991844177
178,0.5,1.072195053100586
178,1,1.8106588125228882
178,1.5,2.0707356929779053
178,1.75,2.286992073059082
178,2,2.330730676651001
179,0,0
179,0.25,0.8714767098426819
179,0.5,0.9414886236190796
179,1,1.5885597467422485
179,1.5,1.839299201965332
179,1.75,2.0494210720062256
179,2,2.129307746887207
180,0,0
180,0.25,1.327880859375
180,0.5,1.3878872394561768
180,1,1.9319117069244385
180,1.5,2.1718389987945557
180,1.75,2.3861634731292725
180,2,2.5018434524536133
181,0,0
181,0.25,1.0858689546585083
181,0.5,1.1333074569702148
181,1,1.5958435535430908
181,1.5,1.882957935333252
181,1.75,2.085373878479004
181,2,2.2229549884796143
182,0,0
182,0.25,0.8660365343093872
182,0.5,0.9060162305831909
182,1,1.3859357833862305
182,1.5,1.8077622652053833
182,1.75,1.9934314489364624
182,2,2.128859758377075
183,0,0
183,0.25,0.39247357845306396
183,0.5,0.3757229745388031
183,1,0.9225903153419495
183,1.5,1.9165107011795044
183,1.75,2.036591053009033
183,2,2.146526575088501
184,0,0
184,0.25,0.29040440917015076
184,0.5,0.268919974565506
184,1,0.8219267129898071
184,1.5,1.9153468608856201
184,1.75,2.024996042251587
184,2,2.1350557804107666
185,0,0
185,0.25,0.2801669239997864
185,0.5,0.2470245212316513
185,1,0.820020318031311
185,1.5,2.053642511367798
185,1.75,2.146641731262207
185,2,2.252883195877075
186,0,0
186,0.25,0.07272704690694809
186,0.5,0
186,1,0.6198872923851013
186,1.5,2.272237539291382
186,1.75,2.316088914871216
186,2,2.406127691268921
187,0,0
187,0.25,0
187,0.5,0
187,1,0.29275214672088623
187,1.5,2.0994410514831543
187,1.75,2.1364617347717285
187,2,2.4627182483673096
188,0,0
188,0.25,0
188,0.5,0
188,1,0.48269030451774597
188,1.5,2.155113935470581
188,1.75,2.213885545730591
188,2,2.652587413787842
189,0,0
189,0.25,0
189,0.5,0
189,1,0.30258265137672424
189,1.5,1.7159513235092163
189,1.75,1.8153576850891113
189,2,2.4725046157836914
190,0,0
190,0.25,0.30863165855407715
190,0.5,0.3290969133377075
190,1,0.7649235725402832
190,1.5,2.042569160461426
190,1.75,2.1592280864715576
190,2,2.9350061416625977
191,0,0
191,0.25,0.4221920967102051
191,0.5,0.4659241735935211
191,1,0.8824507594108582
191,1.5,2.0404152870178223
191,1.75,2.1760032176971436
191,2,3.051981210708618
192,0,0
192,0.25,0.6741752028465271
192,0.5,0.8323537707328796
192,1,1.1512395143508911
192,1.5,1.6234872341156006
192,1.75,1.8535025119781494
192,2,3.2367677688598633
193,0,0
193,0.25,0.46428537368774414
193,0.5,0.6290760040283203
193,1,1.1299599409103394
193,1.5,1.5600104331970215
193,1.75,1.7748569250106812
193,2,3.0443952083587646
194,0,0
194,0.25,0.1311662495136261
194,0.5,0.3160908818244934
194,1,1.100875973701477
194,1.5,1.4758000373840332
194,1.75,1.6658024787902832
194,2,2.756087064743042
195,0,0
195,0.25,0
195,0.5,0.13944993913173676
195,1,1.4760723114013672
195,1.5,1.7356476783752441
195,1.75,1.8656601905822754
195,2,2.60526442527771
196,0,0
196,0.25,0.3248846232891083
196,0.5,0.5564660429954529
196,1,2.10575270652771
196,1.5,2.3157694339752197
196,1.75,2.427443742752075
196,2,3.0365257263183594
197,0,0
197,0.25,0.13241146504878998
197,0.5,0.3642301559448242
197,1,1.8364486694335938
197,1.5,2.058414936065674
197,1.75,2.1854023933410645
197,2,2.8397843837738037
198,0,0
198,0.25,0.5053873658180237
198,0.5,0.7653891444206238
198,1,2.386241912841797
198,1.5,2.6753790378570557
198,1.75,2.8145389556884766
198,2,3.245380163192749
199,0,0
199,0.25,0.2801305651664734
199,0.5,0.5381869673728943
199,1,2.1341090202331543
199,1.5,2.4555912017822266
199,1.75,2.6014392375946045
199,2,3.0202133655548096
200,0,0
200,0.25,0
200,0.5,0.03538544476032257
200,1,1.5332967042922974
200,1.5,1.973414659500122
200,1.75,2.153393507003784
200,2,2.5154199600219727
201,0,0
201,0.25,0.11535520851612091
201,0.5,0.36263325810432434
201,1,1.7104047536849976
201,1.5,2.3147659301757812
201,1.75,2.54447865486145
201,2,2.8330955505371094
202,0,0
202,0.25,0.9099547266960144
202,0.5,1.2631642818450928
202,1,1.7607553005218506
202,1.5,3.012026309967041
202,1.75,3.4296350479125977
202,2,3.4485034942626953
203,0,0
203,0.25,0.2629896402359009
203,0.5,0.5030047297477722
203,1,1.0217421054840088
203,1.5,1.5429191589355469
203,1.75,1.8729660511016846
203,2,2.1829285621643066
204,0,0
204,0.25,0.18410007655620575
204,0.5,0.4225887060165405
204,1,0.9426143765449524
204,1.5,1.4640684127807617
204,1.75,1.794089436531067
204,2,2.112556219100952
205,0,0
205,0.25,0.7688910961151123
205,0.5,1.109982967376709
205,1,1.6417080163955688
205,1.5,2.944424867630005
205,1.75,3.378852605819702
205,2,3.366055727005005
206,0,0
206,0.25,0.3911113440990448
206,0.5,0.6306179165840149
206,1,1.1508312225341797
206,1.5,1.6708526611328125
206,1.75,2.0010247230529785
206,2,2.31649112701416
207,0,0
207,0.25,0
207,0.5,0.20756736397743225
207,1,1.446889877319336
207,1.5,2.1775550842285156
207,1.75,2.4432387351989746
207,2,2.673234462738037
208,0,0
208,0.25,0.42038676142692566
208,0.5,0.7098864912986755
208,1,1.765255331993103
208,1.5,2.7101263999938965
208,1.75,3.040449619293213
208,2,3.170100450515747
209,0,0
209,0.25,0
209,0.5,0
209,1,1.1763445138931274
209,1.5,1.9491997957229614
209,1.75,2.226487398147583
209,2,2.441342830657959
210,0,0
210,0.25,0.16084860265254974
210,0.5,0.08116919547319412
210,1,0.5613353252410889
210,1.5,1.0820543766021729
210,1.75,1.4019315242767334
210,2,1.722229242324829
211,0,0
211,0.25,0.24973461031913757
211,0.5,0.5500487089157104
211,1,1.2804741859436035
211,1.5,2.5997772216796875
211,1.75,3.0397489070892334
211,2,2.9997718334198
212,0,0
212,0.25,0
212,0.5,0.1467631608247757
212,1,0.805251955986023
212,1.5,2.198559522628784
212,1.75,2.6670472621917725
212,2,2.5868139266967773
213,0,0
213,0.25,0.10396889597177505
213,0.5,0.40881481766700745
213,1,1.2118579149246216
213,1.5,2.443483591079712
213,1.75,2.8593878746032715
213,2,2.8539674282073975
214,0,0
214,0.25,1.0996876955032349
214,0.5,1.4797166585922241
214,1,1.8988921642303467
214,1.5,3.0284154415130615
214,1.75,3.407562494277954
214,2,3.50012469291687
215,0,0
215,0.25,1.1069761514663696
215,0.5,1.4969818592071533
215,1,1.884878158569336
215,1.5,2.957310676574707
215,1.75,3.3227145671844482
215,2,3.44482684135437
216,0,0
216,0.25,1.379823923110962
216,0.5,1.7898231744766235
216,1,2.1298203468322754
216,1.5,3.1460769176483154
216,1.75,3.486074924468994
216,2,3.656076669692993
217,0,0
217,0.25,0.6637600660324097
217,0.5,1.0306233167648315
217,1,1.5005536079406738
217,1.5,2.7110447883605957
217,1.75,3.1143219470977783
217,2,3.1558730602264404
218,0,0
218,0.25,0.8886803388595581
218,0.5,1.2775521278381348
218,1,1.6876380443572998
218,1.5,2.8009822368621826
218,1.75,3.1737401485443115
218,2,3.2801103591918945
219,0,0
219,0.25,0.5205419659614563
219,0.5,0.9005619287490845
219,1,1.328814148902893
219,1.5,2.4694736003875732
219,1.75,2.849724531173706
219,2,2.9314749240875244
220,0,0
220,0.25,0
220,0.5,0.11908232420682907
220,1,0.6288370490074158
220,1.5,1.8982688188552856
220,1.75,2.328308582305908
220,2,2.328721523284912
221,0,0
221,0.25,0.2860756516456604
221,0.5,0.6360739469528198
221,1,1.1460672616958618
221,1.5,2.4094796180725098
221,1.75,2.839475154876709
221,2,2.8470981121063232
222,0,0
222,0.25,0.426768034696579
222,0.5,0.8001536130905151
222,1,1.236499547958374
222,1.5,2.3961596488952637
222,1.75,2.785930633544922
222,2,2.856689214706421
223,0,0
223,0.25,0.47416460514068604
223,0.5,0.8841922879219055
223,1,1.2190836668014526
223,1.5,2.23201322555542
223,1.75,2.572099208831787
223,2,2.738041400909424
224,0,0
224,0.25,0.847343921661377
224,0.5,1.2873362302780151
224,1,1.5418163537979126
224,1.5,2.424347400665283
224,1.75,2.7243223190307617
224,2,2.971886157989502
225,0,0
225,0.25,0.7838749289512634
225,0.5,1.241702675819397
225,1,1.4437836408615112
225,1.5,2.2521941661834717
225,1.75,2.5250003337860107
225,2,2.816821336746216
226,0,0
226,0.25,0.8018231987953186
226,0.5,1.2618011236190796
226,1,1.4523255825042725
226,1.5,2.236037254333496
226,1.75,2.505113363265991
226,2,2.8116567134857178
227,0,0
227,0.25,1.419571876525879
227,0.5,1.8593991994857788
227,1,2.1291005611419678
227,1.5,3.0349507331848145
227,1.75,3.3349268436431885
227,2,3.5689857006073
228,0,0
228,0.25,1.352216362953186
228,0.5,1.7922353744506836
228,1,2.047372579574585
228,1.5,2.9189839363098145
228,1.75,3.21490740776062
228,2,3.46486496925354
229,0,0
229,0.25,1.0532351732254028
229,0.5,1.50750732421875
229,1,1.7142244577407837
229,1.5,2.519362211227417
229,1.75,2.7894034385681152
229,2,3.083608388900757
230,0,0
230,0.25,1.351148009300232
230,0.5,1.82115638256073
230,1,1.9859399795532227
230,1.5,2.7230663299560547
230,1.75,2.9778695106506348
230,2,3.313072919845581
231,0,0
231,0.25,0.7867141366004944
231,0.5,1.297497034072876
231,1,1.3517619371414185
231,1.5,1.920981764793396
231,1.75,2.1205854415893555
231,2,2.560981512069702
232,0,0
232,0.25,2.0660903453826904
232,0.5,2.5483031272888184
232,1,2.5904486179351807
232,1.5,3.096073627471924
232,1.75,3.2860846519470215
232,2,3.7382853031158447
233,0,0
233,0.25,1.718568205833435
233,0.5,2.2338719367980957
233,1,2.276824474334717
233,1.5,2.838001012802124
233,1.75,3.031040668487549
233,2,3.479750394821167
234,0,0
234,0.25,1.2058820724487305
234,0.5,1.721010684967041
234,1,1.7716338634490967
234,1.5,2.332754611968994
234,1.75,2.528977870941162
234,2,2.9727532863616943
235,0,0
235,0.25,1.6221803426742554
235,0.5,2.1128196716308594
235,1,2.1521122455596924
235,1.5,2.6522445678710938
235,1.75,2.840506076812744
235,2,3.3022358417510986
236,0,0
236,0.25,1.017643690109253
236,0.5,1.5376591682434082
236,1,1.5477205514907837
236,1.5,2.0395517349243164
236,1.75,2.216409921646118
236,2,2.6975812911987305
237,0,0
237,0.25,1.0129263401031494
237,0.5,1.523712158203125
237,1,1.5390273332595825
237,1.5,2.033479928970337
237,1.75,2.211400032043457
237,2,2.688675880432129
238,0,0
238,0.25,1.2011305093765259
238,0.5,1.6427748203277588
238,1,1.7211346626281738
238,1.5,2.2327442169189453
238,1.75,2.442760944366455
238,2,2.871126890182495
239,0,0
239,0.25,1.6544642448425293
239,0.5,2.0880939960479736
239,1,2.1743602752685547
239,1.5,2.6945619583129883
239,1.75,2.9044971466064453
239,2,3.3245489597320557
240,0,0
240,0.25,2.162731170654297
240,0.5,2.529608726501465
240,1,2.672633647918701
240,1.5,3.212822675704956
240,1.75,3.4527618885040283
240,2,3.822810411453247
241,0,0
241,0.25,2.1708240509033203
241,0.5,2.594513177871704
241,1,2.690823793411255
241,1.5,3.2108240127563477
241,1.75,3.430824041366577
241,2,3.8345131874084473
242,0,0
242,0.25,1.8323980569839478
242,0.5,2.2723872661590576
242,1,2.3523449897766113
242,1.5,2.8707942962646484
242,1.75,3.080756664276123
242,2,3.502441167831421
243,0,0
243,0.25,1.8606336116790771
243,0.5,2.2206273078918457
243,1,2.378333568572998
243,1.5,2.9127557277679443
243,1.75,3.158374786376953
243,2,3.5206589698791504
244,0,0
244,0.25,1.041224479675293
244,0.5,1.2712336778640747
244,1,1.541270136833191
244,1.5,2.1211814880371094
244,1.75,2.4212100505828857
244,2,2.681187391281128
245,0,0
245,0.25,0.9815084338188171
245,0.5,1.2783875465393066
245,1,1.488396406173706
245,1.5,2.0474746227264404
245,1.75,2.320600748062134
245,2,2.6313228607177734
246,0,0
246,0.25,0.5244773626327515
246,0.5,0.6663076877593994
246,1,1.0142902135849
246,1.5,1.6188174486160278
246,1.75,1.9568426609039307
246,2,2.1569390296936035
247,0,0
247,0.25,0.9575676918029785
247,0.5,1.085480809211731
247,1,1.4464161396026611
247,1.5,2.055551052093506
247,1.75,2.3975789546966553
247,2,2.5875964164733887
248,0,0
248,0.25,1.3489160537719727
248,0.5,1.4896641969680786
248,1,1.8387173414230347
248,1.5,2.441073417663574
248,1.75,2.7801740169525146
248,2,2.9798691272735596
249,0,0
249,0.25,1.3765549659729004
249,0.5,1.489801287651062
249,1,1.8598616123199463
249,1.5,2.476503372192383
249,1.75,2.826537609100342
249,2,3.006510019302368
250,0,0
250,0.25,1.2660667896270752
250,0.5,1.3214198350906372
250,1,1.746069073677063
250,1.5,2.3758316040039062
250,1.75,2.7507381439208984
250,2,2.8860647678375244
251,0,0
251,0.25,1.7403916120529175
251,0.5,1.7930713891983032
251,1,2.2204532623291016
251,1.5,2.8503339290618896
251,1.75,3.226153612136841
251,2,3.3603415489196777
252,0,0
252,0.25,1.9280503988265991
252,0.5,2.041548252105713
252,1,2.411555051803589
252,1.5,3.021538734436035
252,1.75,3.376600503921509
252,2,3.551539659500122
253,0,0
253,0.25,1.3202673196792603
253,0.5,1.3002641201019287
253,1,1.7545841932296753
253,1.5,2.0046043395996094
253,1.75,3.17378568649292
253,2,3.259467601776123
254,0,0
254,0.25,0.18182715773582458
254,0.5,0.18174095451831818
254,1,0.6320897340774536
254,1.5,0.9531170129776001
254,1.75,1.960079550743103
254,2,2.0512936115264893
255,0,0
255,0.25,1.1668753623962402
255,0.5,1.166859745979309
255,1,1.6099752187728882
255,1.5,1.9700907468795776
255,1.75,2.918128490447998
255,2,3.0091207027435303
256,0,0
256,0.25,0.9071592092514038
256,0.5,0.8974025249481201
256,1,1.347437858581543
256,1.5,1.6970458030700684
256,1.75,2.657686233520508
256,2,2.7574291229248047
257,0,0
257,0.25,1.362072467803955
257,0.5,1.3538225889205933
257,1,1.8038948774337769
257,1.5,2.1397931575775146
257,1.75,3.134265661239624
257,2,3.225940465927124
258,0,0
258,0.25,0.4712313413619995
258,0.5,0.42647817730903625
258,1,0.8910388946533203
258,1.5,1.0166813135147095
258,1.75,2.4322009086608887
258,2,2.5059597492218018
259,0,0
259,0.25,0.8076230883598328
259,0.5,0.6456907391548157
259,1,1.1230485439300537
259,1.5,1.2430778741836548
259,1.75,2.784670352935791
259,2,2.8446216583251953
260,0,0
260,0.25,0.591821014881134
260,0.5,0.5325639843940735
260,1,1.0024760961532593
260,1.5,1.051445722579956
260,1.75,2.636568069458008
260,2,2.6964094638824463
261,0,0
261,0.25,0.7940239310264587
261,0.5,0.5774004459381104
261,1,1.0573444366455078
261,1.5,1.2207660675048828
261,1.75,2.7307722568511963
261,2,2.7908072471618652
262,0,0
262,0.25,0.6940857172012329
262,0.5,0.4884152114391327
262,1,0.968311607837677
262,1.5,1.1211832761764526
262,1.75,2.642754554748535
262,2,2.7068936824798584
263,0,0
263,0.25,0.43091264367103577
263,0.5,0.39611315727233887
263,1,0.8563845753669739
263,1.5,1.020931601524353
263,1.75,2.366412878036499
263,2,2.4364237785339355
264,0,0
264,0.25,0.3418901264667511
264,0.5,0.31101536750793457
264,1,0.7710426449775696
264,1.5,0.9609763622283936
264,1.75,2.2518794536590576
264,2,2.3224434852600098
265,0,0
265,0.25,0.2631875276565552
265,0.5,0.23255430161952972
265,1,0.692534327507019
265,1.5,0.8825828433036804
265,1.75,2.1708850860595703
265,2,2.250276803970337
266,0,0
266,0.25,0
266,0.5,0
266,1,0.37651190161705017
266,1.5,0.5769587159156799
266,1.75,1.8489853143692017
266,2,1.923740267753601
267,0,0
267,0.25,0.1551184505224228
267,0.5,0.1180213913321495
267,1,0.5816865563392639
267,1.5,0.7345637679100037
267,1.75,2.0951151847839355
267,2,2.17510986328125
268,0,0
268,0.25,0.487624853849411
268,0.5,0.44603341817855835
268,1,0.9076196551322937
268,1.5,1.0276297330856323
268,1.75,2.466035842895508
268,2,2.5360381603240967
269,0,0
269,0.25,0.42110133171081543
269,0.5,0.35133594274520874
269,1,0.8213585615158081
269,1.5,0.8711242079734802
269,1.75,2.4688057899475098
269,2,2.528803825378418
270,0,0
270,0.25,0
270,0.5,0
270,1,0.4180029332637787
270,1.5,0.7010677456855774
270,1.75,1.790954828262329
270,2,1.881069302558899
271,0,0
271,0.25,0.22354763746261597
271,0.5,0.21271544694900513
271,1,0.6637452244758606
271,1.5,0.962488055229187
271,1.75,2.0270602703094482
271,2,2.1169559955596924
272,0,0.5995039939880371
272,0.25,0.7668654322624207
272,0.5,0.7929748892784119
272,1,1.2330951690673828
272,1.5,1.7167236804962158
272,1.75,2.392896890640259
272,2,2.504409074783325
273,0,0
273,0.25,0.14939649403095245
273,0.5,0.17046742141246796
273,1,0.6103150844573975
273,1.5,1.098795771598816
273,1.75,1.774764060974121
273,2,1.8895635604858398
274,0,0
274,0.25,0.4242982864379883
274,0.5,0.459891676902771
274,1,0.8944463729858398
274,1.5,1.4541878700256348
274,1.75,1.9844952821731567
274,2,2.1045138835906982
275,0,1.0898218154907227
275,0.25,1.159109115600586
275,0.5,1.2465649843215942
275,1,1.6402684450149536
275,1.5,2.2598280906677246
275,1.75,2.6290364265441895
275,2,2.7872893810272217
276,0,0.6932469010353088
276,0.25,0.9061679840087891
276,0.5,1.0526078939437866
276,1,1.3962217569351196
276,1.5,2.0007452964782715
276,1.75,2.336151123046875
276,2,2.5361239910125732
277,0,0
277,0.25,0.26636189222335815
277,0.5,0.5139158964157104
277,1,0.7665076851844788
277,1.5,1.344581961631775
277,1.75,1.6353204250335693
277,2,1.9145972728729248
278,0,0
278,0.25,0
278,0.5,0.22374290227890015
278,1,0.46273350715637207
278,1.5,1.0237586498260498
278,1.75,1.3136944770812988
278,2,1.6037706136703491
279,0,0
279,0.25,0.7515982389450073
279,0.5,1.044243574142456
279,1,1.2552618980407715
279,1.5,1.8119219541549683
279,1.75,2.091582775115967
279,2,2.4015583992004395
280,0,0
280,0.25,0
280,0.5,0.2928149104118347
280,1,0.4906345009803772
280,1.5,1.0407357215881348
280,1.75,1.309183120727539
280,2,1.6307291984558105
281,0,0
281,0.25,0
281,0.5,0
281,1,0.07029760628938675
281,1.5,0.5855989456176758
281,1.75,0.8455818295478821
281,2,1.1756211519241333
282,0,0
282,0.25,1.617253065109253
282,0.5,1.9766790866851807
282,1,2.1272037029266357
282,1.5,2.667299747467041
282,1.75,2.917268753051758
282,2,3.2772934436798096
283,0,0
283,0.25,0.49974149465560913
283,0.5,0.883336067199707
283,1,1.0133919715881348
283,1.5,1.5496859550476074
283,1.75,1.7815946340560913
283,2,2.161396026611328
284,0,0
284,0.25,0.3883276581764221
284,0.5,0.7638474702835083
284,1,0.8994702696800232
284,1.5,1.4382776021957397
284,1.75,1.6683108806610107
284,2,2.0482840538024902
285,0,0
285,0.25,0
285,0.5,0
285,1,0
285,1.5,0.61240553855896
285,1.75,0.8426570296287537
285,2,1.2324556112289429
286,0,0
286,0.25,0.6513145565986633
286,0.5,1.0525575876235962
286,1,1.169874906539917
286,1.5,1.7002264261245728
286,1.75,1.9202284812927246
286,2,2.3203630447387695
287,0,0
287,0.25,0
287,0.5,0.2285146862268448
287,1,0.2873702645301819
287,1.5,0.791023313999176
287,1.75,0.9909242391586304
287,2,1.4310035705566406
288,0,0
288,0.25,0
288,0.5,0
288,1,0
288,1.5,0.5111278295516968
288,1.75,0.7006586790084839
288,2,1.151383399963379
289,0,0
289,0.25,0
289,0.5,0.32478493452072144
289,1,0.3447878658771515
289,1.5,0.8680129051208496
289,1.75,1.0479373931884766
289,2,1.518028974533081
290,0,0
290,0.25,0.48648613691329956
290,0.5,1.0113688707351685
290,1,1.0165154933929443
290,1.5,1.5171316862106323
290,1.75,1.6874711513519287
290,2,2.1767830848693848
291,0,0
291,0.25,0.48533880710601807
291,0.5,0.9153028726577759
291,1,1.1953710317611694
291,1.5,2.115494966506958
291,1.75,2.425617218017578
291,2,2.6454992294311523
292,0,0
292,0.25,0
292,0.5,0.19794566929340363
292,1,0.5672274827957153
292,1.5,1.6600626707077026
292,1.75,2.0277302265167236
292,2,2.1408090591430664
293,0,0
293,0.25,0
293,0.5,0
293,1,0.3736002743244171
293,1.5,1.5627174377441406
293,1.75,1.9627659320831299
293,2,2.017953395843506
294,0,0
294,0.25,0
294,0.5,0
294,1,0.46213477849960327
294,1.5,1.8167706727981567
294,1.75,2.2732455730438232
294,2,2.2116456031799316
295,0,0
295,0.25,0
295,0.5,0
295,1,0.5728712677955627
295,1.5,1.9319345951080322
295,1.75,2.3905396461486816
295,2,2.324066162109375
296,0,0
296,0.25,0
296,0.5,0
296,1,0
296,1.5,1.204434871673584
296,1.75,1.6590629816055298
296,2,1.5948010683059692
297,0,0
297,0.25,0
297,0.5,0
297,1,0.3058413565158844
297,1.5,1.5938864946365356
297,1.75,2.030038595199585
297,2,1.994921326637268
298,0,0
298,0.25,0
298,0.5,0
298,1,0.08752322196960449
298,1.5,1.1236231327056885
298,1.75,1.498067021369934
298,2,1.5636320114135742
299,0,0
299,0.25,0
299,0.5,0
299,1,0.14921481907367706
299,1.5,0.9873680472373962
299,1.75,1.2890903949737549
299,2,1.4663649797439575
300,0,0
300,0.25,0
300,0.5,0
300,1,0.09366778284311295
300,1.5,0.7943381667137146
300,1.75,1.0543503761291504
300,2,1.2950481176376343
301,0,0
301,0.25,0
301,0.5,0
301,1,0.6873461604118347
301,1.5,1.2155869007110596
301,1.75,1.4226831197738647
301,2,1.7455741167068481
302,0,0
302,0.25,0
302,0.5,0
302,1,1.0558643341064453
302,1.5,1.4012916088104248
302,1.75,1.556784987449646
302,2,1.9612947702407837
303,0,0
303,0.25,0
303,0.5,0
303,1,0.8917176127433777
303,1.5,1.1552135944366455
303,1.75,1.2956920862197876
303,2,2.069293737411499
304,0,0
304,0.25,0
304,0.5,0
304,1,0
304,1.5,0.2023116648197174
304,1.75,0.36228737235069275
304,2,1.2357559204101562
305,0,0
305,0.25,0
305,0.5,0
305,1,0
305,1.5,0
305,1.75,0.019999999552965164
305,2,1.0557748079299927
306,0,0
306,0.25,0
306,0.5,0
306,1,0
306,1.5,0
306,1.75,0
306,2,0.29908615350723267
307,0,0
307,0.25,0
307,0.5,0
307,1,0
307,1.5,0
307,1.75,0
307,2,0.5245406627655029
308,0,0
308,0.25,0
308,0.5,0
308,1,0
308,1.5,0.3495093584060669
308,1.75,0.4688272774219513
308,2,1.2085362672805786
309,0,0
309,0.25,0
309,0.5,0
309,1,0
309,1.5,0.07947988063097
309,1.75,0.17580929398536682
309,2,0.8212221264839172
310,0,0
310,0.25,0
310,0.5,0
310,1,0
310,1.5,0.2151508629322052
310,1.75,0.28080248832702637
310,2,0.7671643495559692
311,0,0
311,0.25,0
311,0.5,0
311,1,0
311,1.5,0.15444816648960114
311,1.75,0.1968475878238678
311,2,0.5763007998466492
312,0,0
312,0.25,0
312,0.5,0
312,1,0
312,1.5,0.7579519152641296
312,1.75,0.7866514325141907
312,2,1.040704607963562
313,0,0
313,0.25,0
313,0.5,0
313,1,0
313,1.5,0.8333514928817749
313,1.75,0.8334661722183228
313,2,0.9617114067077637
314,0,0
314,0.25,0
314,0.5,0
314,1,0
314,1.5,0.8612794280052185
314,1.75,0.8812095522880554
314,2,0.9612656235694885
315,0,0
315,0.25,0
315,0.5,0
315,1,0
315,1.5,0.545187771320343
315,1.75,0.584503173828125
315,2,0.6680579781532288
316,0,0
316,0.25,0
316,0.5,0
316,1,0
316,1.5,0.5167702436447144
316,1.75,0.5769015550613403
316,2,0.6682747602462769
317,0,0
317,0.25,0.7278830409049988
317,0.5,0.6779235601425171
317,1,1.2680844068527222
317,1.5,2.6769180297851562
317,1.75,2.7471776008605957
317,2,2.8463709354400635
318,0,0
318,0.25,0.4483416676521301
318,0.5,0.4084334373474121
318,1,0.9797995090484619
318,1.5,2.2190794944763184
318,1.75,2.3171939849853516
318,2,2.4184744358062744
319,0,0
319,0.25,0.5366845726966858
319,0.5,0.5420547127723694
319,1,1.0568231344223022
319,1.5,1.781334400177002
319,1.75,1.9374278783798218
319,2,2.0573582649230957
320,0,0
320,0.25,0
320,0.5,0
320,1,0
320,1.5,0.37920573353767395
320,1.75,0.5192056894302368
320,2,0.6392056941986084
321,0,0
321,0.25,0
321,0.5,0
321,1,0
321,1.5,0
321,1.75,0
321,2,0.13563500344753265
322,0,0
322,0.25,0.23647691309452057
322,0.5,0.2312355935573578
322,1,0.6233031153678894
322,1.5,0.9370054602622986
322,1.75,1.1370518207550049
322,2,1.2770146131515503
323,0,0
323,0.25,0
323,0.5,0
323,1,0.029999999329447746
323,1.5,0.22412382066249847
323,1.75,0.4381833076477051
323,2,0.5211016535758972
324,0,0
324,0.25,0
324,0.5,0
324,1,0
324,1.5,0
324,1.75,0
324,2,0
325,0,0
325,0.25,0
325,0.5,0
325,1,0
325,1.5,0
325,1.75,0
325,2,0
326,0,0
326,0.25,0
326,0.5,0
326,1,0
326,1.5,0
326,1.75,0
326,2,0
327,0,0
327,0.25,0
327,0.5,0
327,1,0.11231651157140732
327,1.5,0.3813580870628357
327,1.75,0.6014816761016846
327,2,0.5818164348602295
328,0,0
328,0.25,0
328,0.5,0
328,1,0.17602597177028656
328,1.5,0.45595794916152954
328,1.75,0.6759281754493713
328,2,0.6194604635238647
329,0,0
329,0.25,0
329,0.5,0
329,1,0.9551673531532288
329,1.5,1.2400540113449097
329,1.75,1.4633930921554565
329,2,1.3600562810897827
330,0,0
330,0.25,0
330,0.5,0
330,1,0.670456051826477
330,1.5,0.9698022603988647
330,1.75,1.1906933784484863
330,2,1.0407840013504028
331,0,0
331,0.25,0
331,0.5,0
331,1,0.638545036315918
331,1.5,0.9385958313941956
331,1.75,1.1685794591903687
331,2,0.9761156439781189
332,0,0
332,0.25,0
332,0.5,0
332,1,0.35737019777297974
332,1.5,0.6597957611083984
332,1.75,0.8873114585876465
332,2,0.6672890186309814
333,0,0
333,0.25,0
333,0.5,0
333,1,0.1836736649274826
333,1.5,0.5037674903869629
333,1.75,0.7723264098167419
333,2,0.5591233968734741
334,0,0
334,0.25,0
334,0.5,0
334,1,0
334,1.5,0.3400000035762787
334,1.75,0.699999988079071
334,2,0.519486665725708
335,0,0
335,0.25,0
335,0.5,0
335,1,0
335,1.5,0.30980542302131653
335,1.75,0.7590807676315308
335,2,0.6139057874679565
336,0,0
336,0.25,0
336,0.5,0
336,1,0
336,1.5,0.19736029207706451
336,1.75,0.9259012937545776
336,2,0.9095622301101685
337,0,0
337,0.25,0
337,0.5,0
337,1,0
337,1.5,0.3092419505119324
337,1.75,1.1142534017562866
337,2,1.139237403869629
338,0,0
338,0.25,0
338,0.5,0
338,1,0.6292838454246521
338,1.5,1.049411654472351
338,1.75,1.916974425315857
338,2,1.972869873046875
339,0,0
339,0.25,0
339,0.5,0
339,1,0
339,1.5,0
339,1.75,0.9294039607048035
339,2,1.0288392305374146
340,0,0
340,0.25,0
340,0.5,0
340,1,0
340,1.5,0
340,1.75,0.9710206985473633
340,2,1.1120356321334839
341,0,0
341,0.25,0
341,0.5,0
341,1,0
341,1.5,0
341,1.75,0.9448251128196716
341,2,1.1234524250030518
342,0,0
342,0.25,0
342,0.5,0
342,1,0
342,1.5,0
342,1.75,0
342,2,0
343,0,0
343,0.25,0
343,0.5,0
343,1,0
343,1.5,0
343,1.75,0.29839327931404114
343,2,0.4994746446609497
344,0,0
344,0.25,0
344,0.5,0
344,1,0
344,1.5,0.05304354801774025
344,1.75,0.9926366806030273
344,2,1.2035361528396606
345,0,0
345,0.25,0
345,0.5,0
345,1,0
345,1.5,0
345,1.75,0.48048052191734314
345,2,0.6954769492149353
346,0,0
346,0.25,0
346,0.5,0
346,1,0
346,1.5,0
346,1.75,0.039491843432188034
346,2,0.25949567556381226
347,0,0
347,0.25,0
347,0.5,0
347,1,0
347,1.5,0
347,1.75,0.38139796257019043
347,2,0.6097281575202942
348,0,0
348,0.25,0
348,0.5,0
348,1,0
348,1.5,0
348,1.75,0
348,2,0.10752912610769272
349,0,0
349,0.25,0
349,0.5,0
349,1,0
349,1.5,0
349,1.75,0
349,2,0
350,0,0
350,0.25,0
350,0.5,0
350,1,0
350,1.5,0
350,1.75,0.32202857732772827
350,2,0.5602422952651978
351,0,0
351,0.25,0
351,0.5,0
351,1,0
351,1.5,0
351,1.75,0
351,2,0
352,0,0
352,0.25,0
352,0.5,0
352,1,0
352,1.5,0
352,1.75,0
352,2,0
353,0,0
353,0.25,0
353,0.5,0
353,1,0
353,1.5,0
353,1.75,0
353,2,0.08497106283903122
354,0,0
354,0.25,0
354,0.5,0
354,1,0
354,1.5,0
354,1.75,0
354,2,0
355,0,0
355,0.25,0
355,0.5,0
355,1,0
355,1.5,0
355,1.75,0.10413237661123276
355,2,0.46861210465431213
356,0,0
356,0.25,0
356,0.5,0
356,1,0
356,1.5,0
356,1.75,0.20093226432800293
356,2,0.5726864337921143
357,0,0
357,0.25,0
357,0.5,0
357,1,0
357,1.5,0.17136846482753754
357,1.75,0.4161878228187561
357,2,0.7834280729293823
358,0,0
358,0.25,0
358,0.5,0
358,1,0
358,1.5,0
358,1.75,0
358,2,0.18916742503643036
359,0,0
359,0.25,0
359,0.5,0
359,1,0
359,1.5,0
359,1.75,0
359,2,0.28511396050453186
360,0,0
360,0.25,0
360,0.5,0
360,1,0
360,1.5,0
360,1.75,0
360,2,0.27687308192253113
361,0,0
361,0.25,0
361,0.5,0
361,1,0
361,1.5,0
361,1.75,0
361,2,0
362,0,0
362,0.25,0
362,0.5,0
362,1,0
362,1.5,0
362,1.75,0.3620973527431488
362,2,0.7020312547683716
363,0,0
363,0.25,0
363,0.5,0
363,1,0
363,1.5,0
363,1.75,0
363,2,0
364,0,0
364,0.25,0
364,0.5,0
364,1,0
364,1.5,0
364,1.75,0
364,2,0
365,0,0
365,0.25,0
365,0.5,0
365,1,0
365,1.5,0
365,1.75,0
365,2,0
366,0,0
366,0.25,0
366,0.5,0
366,1,0
366,1.5,0
366,1.75,0
366,2,0
367,0,0
367,0.25,0
367,0.5,0
367,1,0
367,1.5,0
367,1.75,0
367,2,0
368,0,0
368,0.25,0
368,0.5,0
368,1,0
368,1.5,0
368,1.75,0
368,2,0
369,0,0
369,0.25,0
369,0.5,0
369,1,0
369,1.5,0
369,1.75,0
369,2,0
370,0,0
370,0.25,0
370,0.5,0
370,1,0
370,1.5,0
370,1.75,0
370,2,0
371,0,0
371,0.25,0
371,0.5,0
371,1,0
371,1.5,0
371,1.75,0.08925870805978775
371,2,0.38455528020858765
372,0,0
372,0.25,0
372,0.5,0
372,1,0
372,1.5,0
372,1.75,0.14533665776252747
372,2,0.4438973367214203
373,0,0
373,0.25,0
373,0.5,0
373,1,0
373,1.5,0
373,1.75,0
373,2,0
374,0,0
374,0.25,0
374,0.5,0
374,1,0
374,1.5,0
374,1.75,0
374,2,0
375,0,0
375,0.25,0
375,0.5,0
375,1,0
375,1.5,0
375,1.75,0
375,2,0
376,0,0
376,0.25,0
376,0.5,0
376,1,0
376,1.5,0
376,1.75,0
376,2,0
377,0,0
377,0.25,0
377,0.5,0
377,1,0
377,1.5,0
377,1.75,0
377,2,0
378,0,0
378,0.25,0
378,0.5,0
378,1,0
378,1.5,0
378,1.75,0
378,2,0.24271316826343536
379,0,0
379,0.25,0
379,0.5,0
379,1,0
379,1.5,0
379,1.75,0.0922451987862587
379,2,0.41620171070098877
380,0,0
380,0.25,0
380,0.5,0
380,1,0
380,1.5,0
380,1.75,0
380,2,0
381,0,0
381,0.25,0
381,0.5,0
381,1,0
381,1.5,0
381,1.75,0
381,2,0.22166165709495544
382,0,0
382,0.25,0
382,0.5,0
382,1,0
382,1.5,0
382,1.75,0
382,2,0.2882518470287323
383,0,0
383,0.25,0
383,0.5,0
383,1,0
383,1.5,0.05999999865889549
383,1.75,0.14838354289531708
383,2,0.47237300872802734
384,0,0
384,0.25,0
384,0.5,0
384,1,0
384,1.5,0.052338458597660065
384,1.75,0.2605150043964386
384,2,0.6104981899261475
385,0,0
385,0.25,0
385,0.5,0
385,1,0
385,1.5,0
385,1.75,0
385,2,0
386,0,0
386,0.25,0
386,0.5,0
386,1,0
386,1.5,0
386,1.75,0.1789579540491104
386,2,0.5189585089683533
387,0,0
387,0.25,0
387,0.5,0
387,1,0
387,1.5,0
387,1.75,0.13519243896007538
387,2,0.467803418636322
388,0,0
388,0.25,0
388,0.5,0
388,1,0
388,1.5,0
388,1.75,0.06231388822197914
388,2,0.383839875459671
389,0,0
389,0.25,0
389,0.5,0
389,1,0
389,1.5,0.5349563956260681
389,1.75,0.6961448192596436
389,2,1.0261811017990112
390,0,0
390,0.25,0
390,0.5,0
390,1,0
390,1.5,0
390,1.75,0.0826418399810791
390,2,0.403240829706192
391,0,0
391,0.25,0
391,0.5,0
391,1,0
391,1.5,0
391,1.75,0
391,2,0
392,0,0
392,0.25,0
392,0.5,0
392,1,0
392,1.5,0
392,1.75,0
392,2,0
393,0,0
393,0.25,0
393,0.5,0
393,1,0
393,1.5,0
393,1.75,0
393,2,0
394,0,0
394,0.25,0
394,0.5,0
394,1,0
394,1.5,0.35735180974006653
394,1.75,0.2577388286590576
394,2,0.6060583591461182
395,0,0
395,0.25,0
395,0.5,0
395,1,0
395,1.5,0.27043992280960083
395,1.75,0.04845595359802246
395,2,0.37212759256362915
396,0,0
396,0.25,0
396,0.5,0
396,1,0
396,1.5,0.6697709560394287
396,1.75,0.3211641013622284
396,2,0.6920217871665955
397,0,0
397,0.25,0
397,0.5,0
397,1,0
397,1.5,0.7326551675796509
397,1.75,0.2942233383655548
397,2,0.6743028163909912
398,0,0
398,0.25,0
398,0.5,0
398,1,0
398,1.5,0.23829074203968048
398,1.75,0
398,2,0.10977711528539658
399,0,0
399,0.25,0
399,0.5,0
399,1,0
399,1.5,0
399,1.75,0
399,2,0
400,0,0
400,0.25,0
400,0.5,0
400,1,0
400,1.5,0
400,1.75,0
400,2,0
401,0,0
401,0.25,0
401,0.5,0
401,1,0
401,1.5,0.05770617350935936
401,1.75,0
401,2,0
402,0,0
402,0.25,0
402,0.5,0
402,1,0
402,1.5,0.22401806712150574
402,1.75,0
402,2,0
403,0,0
403,0.25,0
403,0.5,0
403,1,0
403,1.5,0.27515730261802673
403,1.75,0
403,2,0
404,0,0
404,0.25,0
404,0.5,0
404,1,0
404,1.5,0
404,1.75,0
404,2,0
405,0,0
405,0.25,0
405,0.5,0
405,1,0
405,1.5,0
405,1.75,0
405,2,0
